-- phpMyAdmin SQL Dump
-- version 5.0.4
-- https://www.phpmyadmin.net/
--
-- Máy chủ: 127.0.0.1
-- Thời gian đã tạo: Th8 30, 2023 lúc 10:10 AM
-- Phiên bản máy phục vụ: 10.4.17-MariaDB
-- Phiên bản PHP: 7.2.34

SET SQL_MODE = "NO_AUTO_VALUE_ON_ZERO";
START TRANSACTION;
SET time_zone = "+00:00";


/*!40101 SET @OLD_CHARACTER_SET_CLIENT=@@CHARACTER_SET_CLIENT */;
/*!40101 SET @OLD_CHARACTER_SET_RESULTS=@@CHARACTER_SET_RESULTS */;
/*!40101 SET @OLD_COLLATION_CONNECTION=@@COLLATION_CONNECTION */;
/*!40101 SET NAMES utf8mb4 */;

--
-- Cơ sở dữ liệu: `huce`
--

-- --------------------------------------------------------

--
-- Cấu trúc bảng cho bảng `alpha`
--

CREATE TABLE `alpha` (
  `subject_code` varchar(12) NOT NULL,
  `teacher_id` int(11) NOT NULL,
  `alpha` double NOT NULL DEFAULT 0,
  `note` text DEFAULT NULL
) ENGINE=InnoDB DEFAULT CHARSET=utf8mb4;

--
-- Đang đổ dữ liệu cho bảng `alpha`
--

INSERT INTO `alpha` (`subject_code`, `teacher_id`, `alpha`, `note`) VALUES
('471727', 5, 10, NULL),
('471732', 1, 4, NULL),
('471732', 9, 2, NULL),
('471737', 9, 10, NULL),
('471741', 3, 10, NULL),
('471752', 3, 10, NULL),
('471755', 6, 2, NULL),
('471755', 7, 4, NULL),
('471772', 2, 10, NULL),
('471773', 4, 10, NULL),
('471782', 1, 10, NULL),
('471783', 4, 10, NULL),
('471788', 4, 1, NULL),
('471788', 6, 1, NULL),
('471788', 7, 4, NULL),
('471789', 4, 3, NULL),
('471789', 7, 3, NULL),
('471790', 2, 10, NULL),
('471791', 6, 10, NULL),
('471792', 4, 5, NULL),
('471792', 7, 1, NULL),
('478803', 1, 1, NULL),
('478803', 8, 2, NULL),
('478804', 1, 1, NULL),
('478804', 8, 2, NULL),
('478805', 5, 10, NULL),
('478807', 5, 10, NULL);

-- --------------------------------------------------------

--
-- Cấu trúc bảng cho bảng `classes`
--

CREATE TABLE `classes` (
  `class_code` varchar(12) NOT NULL,
  `teacher_id` int(11) DEFAULT NULL,
  `class_1st` varchar(12) NOT NULL,
  `class_2nd` varchar(12) DEFAULT NULL,
  `session` int(11) NOT NULL,
  `day_of_week` int(11) NOT NULL,
  `week` int(11) NOT NULL
) ENGINE=InnoDB DEFAULT CHARSET=utf8mb4;

--
-- Đang đổ dữ liệu cho bảng `classes`
--

INSERT INTO `classes` (`class_code`, `teacher_id`, `class_1st`, `class_2nd`, `session`, `day_of_week`, `week`) VALUES
('471727', 5, '66TH1', '66TH2', 3, 5, 12),
('471727', 5, '66TH1', '66TH2', 3, 5, 13),
('471727', 5, '66TH1', '66TH2', 3, 5, 14),
('471727', 5, '66TH1', '66TH2', 3, 2, 12),
('471727', 5, '66TH1', '66TH2', 3, 2, 13),
('471727', 5, '66TH1', '66TH2', 3, 2, 14),
('471727', 5, '66TH1', '66TH2', 3, 2, 15),
('471727', 5, '66TH1', '66TH2', 3, 2, 16),
('471727', 5, '66TH1', '66TH2', 3, 2, 18),
('471727', 5, '66TH1', '66TH2', 3, 2, 19),
('471727', 5, '66TH1', '66TH2', 3, 2, 20),
('471727', 5, '66TH1', '66TH2', 3, 2, 21),
('471727', 5, '66TH1', '66TH2', 3, 2, 22),
('471732', NULL, '66IT1', '66IT2', 2, 4, 1),
('471732', NULL, '66IT1', '66IT2', 2, 4, 4),
('471732', NULL, '66IT1', '66IT2', 2, 4, 5),
('471732', NULL, '66IT1', '66IT2', 2, 4, 6),
('471732', NULL, '66IT1', '66IT2', 2, 4, 7),
('471732', NULL, '66IT1', '66IT2', 2, 4, 8),
('471732', NULL, '66IT3', '66IT4', 4, 5, 1),
('471732', NULL, '66IT3', '66IT4', 4, 5, 4),
('471732', NULL, '66IT3', '66IT4', 4, 5, 5),
('471732', NULL, '66IT3', '66IT4', 4, 5, 6),
('471732', NULL, '66IT3', '66IT4', 4, 5, 7),
('471732', NULL, '66IT3', '66IT4', 4, 5, 8),
('471732', NULL, '66IT5', '66IT6', 3, 6, 1),
('471732', NULL, '66IT5', '66IT6', 3, 6, 4),
('471732', NULL, '66IT5', '66IT6', 3, 6, 5),
('471732', NULL, '66IT5', '66IT6', 3, 6, 6),
('471732', NULL, '66IT5', '66IT6', 3, 6, 7),
('471732', NULL, '66IT5', '66IT6', 3, 6, 8),
('471732', NULL, '66IT1', '66IT2', 1, 6, 1),
('471732', NULL, '66IT1', '66IT2', 1, 6, 4),
('471732', NULL, '66IT1', '66IT2', 1, 6, 5),
('471732', NULL, '66IT1', '66IT2', 1, 6, 6),
('471732', NULL, '66IT1', '66IT2', 1, 6, 7),
('471732', NULL, '66IT1', '66IT2', 1, 6, 8),
('471732', NULL, '66IT1', '66IT2', 1, 6, 9),
('471732', NULL, '66IT3', '66IT4', 3, 2, 1),
('471732', NULL, '66IT3', '66IT4', 3, 2, 4),
('471732', NULL, '66IT3', '66IT4', 3, 2, 5),
('471732', NULL, '66IT3', '66IT4', 3, 2, 6),
('471732', NULL, '66IT3', '66IT4', 3, 2, 7),
('471732', NULL, '66IT3', '66IT4', 3, 2, 8),
('471732', NULL, '66IT3', '66IT4', 3, 2, 9),
('471732', NULL, '66IT5', '66IT6', 4, 4, 1),
('471732', NULL, '66IT5', '66IT6', 4, 4, 4),
('471732', NULL, '66IT5', '66IT6', 4, 4, 5),
('471732', NULL, '66IT5', '66IT6', 4, 4, 6),
('471732', NULL, '66IT5', '66IT6', 4, 4, 7),
('471732', NULL, '66IT5', '66IT6', 4, 4, 8),
('471732', NULL, '66IT5', '66IT6', 4, 4, 9),
('471737', 9, '67IT3', '67IT4', 4, 3, 14),
('471737', 9, '67IT3', '67IT4', 4, 3, 15),
('471737', 9, '67IT3', '67IT4', 4, 3, 16),
('471737', 9, '67IT3', '67IT4', 4, 3, 17),
('471737', 9, '67IT3', '67IT4', 4, 3, 18),
('471737', 9, '67IT3', '67IT4', 4, 3, 19),
('471737', 9, '67IT5', NULL, 3, 7, 14),
('471737', 9, '67IT5', NULL, 3, 7, 15),
('471737', 9, '67IT5', NULL, 3, 7, 16),
('471737', 9, '67IT5', NULL, 3, 7, 17),
('471737', 9, '67IT5', NULL, 3, 7, 18),
('471737', 9, '67IT5', NULL, 3, 7, 19),
('471737', 9, '67IT3', '67IT4', 3, 6, 14),
('471737', 9, '67IT3', '67IT4', 3, 6, 15),
('471737', 9, '67IT3', '67IT4', 3, 6, 16),
('471737', 9, '67IT3', '67IT4', 3, 6, 17),
('471737', 9, '67IT3', '67IT4', 3, 6, 18),
('471737', 9, '67IT3', '67IT4', 3, 6, 19),
('471737', 9, '67IT3', '67IT4', 3, 6, 20),
('471737', 9, '67IT5', NULL, 4, 4, 14),
('471737', 9, '67IT5', NULL, 4, 4, 15),
('471737', 9, '67IT5', NULL, 4, 4, 16),
('471737', 9, '67IT5', NULL, 4, 4, 17),
('471737', 9, '67IT5', NULL, 4, 4, 18),
('471737', 9, '67IT5', NULL, 4, 4, 19),
('471737', 9, '67IT5', NULL, 4, 4, 20),
('471737', 9, '67IT1', '67IT2', 2, 5, 8),
('471737', 9, '67IT1', '67IT2', 2, 5, 9),
('471737', 9, '67IT1', '67IT2', 2, 5, 10),
('471737', 9, '67IT1', '67IT2', 1, 7, 1),
('471737', 9, '67IT1', '67IT2', 1, 7, 2),
('471737', 9, '67IT1', '67IT2', 1, 7, 3),
('471737', 9, '67IT1', '67IT2', 1, 7, 4),
('471737', 9, '67IT1', '67IT2', 1, 7, 5),
('471737', 9, '67IT1', '67IT2', 1, 7, 6),
('471737', 9, '67IT1', '67IT2', 1, 7, 7),
('471737', 9, '67IT1', '67IT2', 1, 7, 8),
('471737', 9, '67IT1', '67IT2', 1, 7, 9),
('471737', 9, '67IT1', '67IT2', 1, 7, 10),
('471741', 3, '64PM1', '64PM2', 3, 3, 12),
('471741', 3, '64PM1', '64PM2', 3, 3, 13),
('471741', 3, '64PM1', '64PM2', 3, 3, 14),
('471741', 3, '64PM1', '64PM2', 3, 3, 15),
('471741', 3, '64PM1', '64PM2', 3, 3, 16),
('471741', 3, '64PM1', '64PM2', 3, 3, 17),
('471741', 3, '64PM1', '64PM2', 3, 3, 18),
('471741', 3, '64PM1', '64PM2', 3, 3, 19),
('471741', 3, '64PM1', '64PM2', 3, 3, 20),
('471741', 3, '64PM1', '64PM2', 3, 3, 21),
('471752', 3, '64PM1', '64PM2', 3, 7, 15),
('471752', 3, '64PM1', '64PM2', 3, 7, 17),
('471752', 3, '64PM1', '64PM2', 3, 7, 18),
('471752', 3, '64PM1', '64PM2', 3, 4, 12),
('471752', 3, '64PM1', '64PM2', 3, 4, 13),
('471752', 3, '64PM1', '64PM2', 3, 4, 14),
('471752', 3, '64PM1', '64PM2', 3, 4, 15),
('471752', 3, '64PM1', '64PM2', 3, 4, 16),
('471752', 3, '64PM1', '64PM2', 3, 4, 17),
('471752', 3, '64PM1', '64PM2', 3, 4, 18),
('471752', 3, '64PM1', '64PM2', 3, 4, 19),
('471752', 3, '64PM1', '64PM2', 3, 4, 20),
('471752', 3, '64PM1', '64PM2', 3, 4, 21),
('471755', NULL, '66IT1', '66IT2', 2, 7, 1),
('471755', NULL, '66IT1', '66IT2', 2, 7, 4),
('471755', NULL, '66IT1', '66IT2', 2, 7, 5),
('471755', NULL, '66IT1', '66IT2', 2, 7, 6),
('471755', NULL, '66IT1', '66IT2', 2, 7, 7),
('471755', NULL, '66IT1', '66IT2', 2, 7, 8),
('471755', NULL, '66IT3', '66IT4', 4, 4, 1),
('471755', NULL, '66IT3', '66IT4', 4, 4, 4),
('471755', NULL, '66IT3', '66IT4', 4, 4, 5),
('471755', NULL, '66IT3', '66IT4', 4, 4, 6),
('471755', NULL, '66IT3', '66IT4', 4, 4, 7),
('471755', NULL, '66IT3', '66IT4', 4, 4, 8),
('471755', NULL, '66IT5', '66IT6', 4, 7, 1),
('471755', NULL, '66IT5', '66IT6', 4, 7, 4),
('471755', NULL, '66IT5', '66IT6', 4, 7, 5),
('471755', NULL, '66IT5', '66IT6', 4, 7, 6),
('471755', NULL, '66IT5', '66IT6', 4, 7, 7),
('471755', NULL, '66IT5', '66IT6', 4, 7, 8),
('471755', NULL, '66IT1', '66IT2', 1, 4, 1),
('471755', NULL, '66IT1', '66IT2', 1, 4, 4),
('471755', NULL, '66IT1', '66IT2', 1, 4, 5),
('471755', NULL, '66IT1', '66IT2', 1, 4, 6),
('471755', NULL, '66IT1', '66IT2', 1, 4, 7),
('471755', NULL, '66IT1', '66IT2', 1, 4, 8),
('471755', NULL, '66IT1', '66IT2', 1, 4, 9),
('471755', NULL, '66IT3', '66IT4', 3, 7, 1),
('471755', NULL, '66IT3', '66IT4', 3, 7, 4),
('471755', NULL, '66IT3', '66IT4', 3, 7, 5),
('471755', NULL, '66IT3', '66IT4', 3, 7, 6),
('471755', NULL, '66IT3', '66IT4', 3, 7, 7),
('471755', NULL, '66IT3', '66IT4', 3, 7, 8),
('471755', NULL, '66IT3', '66IT4', 3, 7, 9),
('471755', NULL, '66IT5', '66IT6', 3, 4, 1),
('471755', NULL, '66IT5', '66IT6', 3, 4, 4),
('471755', NULL, '66IT5', '66IT6', 3, 4, 5),
('471755', NULL, '66IT5', '66IT6', 3, 4, 6),
('471755', NULL, '66IT5', '66IT6', 3, 4, 7),
('471755', NULL, '66IT5', '66IT6', 3, 4, 8),
('471755', NULL, '66IT5', '66IT6', 3, 4, 9),
('471772', 2, '64PM1', '64PM2', 3, 5, 12),
('471772', 2, '64PM1', '64PM2', 3, 5, 13),
('471772', 2, '64PM1', '64PM2', 3, 5, 14),
('471772', 2, '64PM1', '64PM2', 3, 5, 15),
('471772', 2, '64PM1', '64PM2', 3, 5, 16),
('471772', 2, '64PM1', '64PM2', 3, 5, 17),
('471772', 2, '64PM1', '64PM2', 3, 5, 18),
('471772', 2, '64PM1', '64PM2', 3, 5, 19),
('471772', 2, '64PM1', '64PM2', 3, 5, 20),
('471772', 2, '64PM1', '64PM2', 3, 5, 21),
('471772', 2, '64PM1', '64PM2', 4, 2, 1),
('471772', 2, '64PM1', '64PM2', 4, 2, 4),
('471772', 2, '64PM1', '64PM2', 4, 2, 5),
('471772', 2, '64PM1', '64PM2', 4, 2, 6),
('471772', 2, '64PM1', '64PM2', 4, 2, 7),
('471772', 2, '64PM1', '64PM2', 4, 2, 8),
('471772', 2, '64PM1', '64PM2', 4, 2, 9),
('471772', 2, '64PM1', '64PM2', 4, 2, 12),
('471772', 2, '64PM1', '64PM2', 4, 2, 13),
('471772', 2, '64PM1', '64PM2', 4, 2, 14),
('471772', 2, '64PM1', '64PM2', 4, 2, 15),
('471772', 2, '64PM1', '64PM2', 4, 2, 16),
('471772', 2, '64PM1', '64PM2', 4, 2, 18),
('471772', 2, '64PM1', '64PM2', 4, 2, 19),
('471772', 2, '64PM1', '64PM2', 4, 2, 20),
('471773', 4, '64PM1', '64PM2', 3, 6, 12),
('471773', 4, '64PM1', '64PM2', 3, 6, 13),
('471773', 4, '64PM1', '64PM2', 3, 6, 14),
('471773', 4, '64PM1', '64PM2', 3, 6, 15),
('471773', 4, '64PM1', '64PM2', 3, 6, 16),
('471773', 4, '64PM1', '64PM2', 3, 6, 17),
('471773', 4, '64PM1', '64PM2', 3, 6, 18),
('471773', 4, '64PM1', '64PM2', 3, 6, 19),
('471773', 4, '64PM1', '64PM2', 3, 6, 20),
('471773', 4, '64PM1', '64PM2', 3, 6, 21),
('471773', 4, '64PM1', '64PM2', 4, 3, 1),
('471773', 4, '64PM1', '64PM2', 4, 3, 4),
('471773', 4, '64PM1', '64PM2', 4, 3, 5),
('471773', 4, '64PM1', '64PM2', 4, 3, 6),
('471773', 4, '64PM1', '64PM2', 4, 3, 7),
('471773', 4, '64PM1', '64PM2', 4, 3, 8),
('471773', 4, '64PM1', '64PM2', 4, 3, 9),
('471773', 4, '64PM1', '64PM2', 4, 3, 12),
('471773', 4, '64PM1', '64PM2', 4, 3, 13),
('471773', 4, '64PM1', '64PM2', 4, 3, 14),
('471773', 4, '64PM1', '64PM2', 4, 3, 15),
('471773', 4, '64PM1', '64PM2', 4, 3, 16),
('471773', 4, '64PM1', '64PM2', 4, 3, 17),
('471773', 4, '64PM1', '64PM2', 4, 3, 18),
('471773', 4, '64PM1', '64PM2', 4, 3, 19),
('471782', 1, '64MHT1', '64MHT2', 4, 7, 4),
('471782', 1, '64MHT1', '64MHT2', 4, 7, 5),
('471782', 1, '64MHT1', '64MHT2', 4, 7, 6),
('471782', 1, '64MHT1', '64MHT2', 4, 7, 7),
('471782', 1, '64MHT1', '64MHT2', 4, 7, 8),
('471782', 1, '64MHT1', '64MHT2', 4, 7, 9),
('471782', 1, '64PM1', '64PM2', 3, 6, 1),
('471782', 1, '64PM1', '64PM2', 3, 6, 4),
('471782', 1, '64PM1', '64PM2', 3, 6, 5),
('471782', 1, '64PM1', '64PM2', 3, 6, 6),
('471782', 1, '64PM1', '64PM2', 3, 6, 7),
('471782', 1, '64PM1', '64PM2', 3, 6, 8),
('471782', 1, '64MHT1', '64MHT2', 3, 4, 1),
('471782', 1, '64MHT1', '64MHT2', 3, 4, 4),
('471782', 1, '64MHT1', '64MHT2', 3, 4, 5),
('471782', 1, '64MHT1', '64MHT2', 3, 4, 6),
('471782', 1, '64MHT1', '64MHT2', 3, 4, 7),
('471782', 1, '64MHT1', '64MHT2', 3, 4, 8),
('471782', 1, '64MHT1', '64MHT2', 3, 4, 9),
('471782', 1, '64PM1', '64PM2', 3, 3, 1),
('471782', 1, '64PM1', '64PM2', 3, 3, 4),
('471782', 1, '64PM1', '64PM2', 3, 3, 5),
('471782', 1, '64PM1', '64PM2', 3, 3, 6),
('471782', 1, '64PM1', '64PM2', 3, 3, 7),
('471782', 1, '64PM1', '64PM2', 3, 3, 8),
('471782', 1, '64PM1', '64PM2', 3, 3, 9),
('471783', 4, '64PM1', '64PM2', 4, 6, 12),
('471783', 4, '64PM1', '64PM2', 4, 6, 13),
('471783', 4, '64PM1', '64PM2', 4, 6, 14),
('471783', 4, '64PM1', '64PM2', 4, 6, 15),
('471783', 4, '64PM1', '64PM2', 4, 6, 16),
('471783', 4, '64PM1', '64PM2', 4, 6, 17),
('471783', 4, '64PM1', '64PM2', 4, 6, 18),
('471783', 4, '64PM1', '64PM2', 4, 6, 19),
('471783', 4, '64PM1', '64PM2', 4, 6, 20),
('471783', 4, '64PM1', '64PM2', 4, 6, 21),
('471788', NULL, '65PM5', '65PM6', 2, 3, 16),
('471788', NULL, '65PM5', '65PM6', 2, 3, 17),
('471788', NULL, '65PM3', '65PM4', 2, 4, 8),
('471788', NULL, '65PM1', '65PM2', 3, 3, 7),
('471788', NULL, '65PM5', '65PM6', 1, 5, 1),
('471788', NULL, '65PM5', '65PM6', 1, 5, 4),
('471788', NULL, '65PM5', '65PM6', 1, 5, 5),
('471788', NULL, '65PM5', '65PM6', 1, 5, 6),
('471788', NULL, '65PM5', '65PM6', 1, 5, 7),
('471788', NULL, '65PM5', '65PM6', 1, 5, 8),
('471788', NULL, '65PM5', '65PM6', 1, 5, 9),
('471788', NULL, '65PM5', '65PM6', 1, 5, 12),
('471788', NULL, '65PM5', '65PM6', 1, 5, 13),
('471788', NULL, '65PM5', '65PM6', 1, 5, 14),
('471788', NULL, '65PM5', '65PM6', 1, 5, 15),
('471788', NULL, '65PM5', '65PM6', 1, 5, 16),
('471788', NULL, '65PM5', '65PM6', 1, 5, 17),
('471788', NULL, '65PM5', '65PM6', 1, 5, 18),
('471788', NULL, '65PM5', '65PM6', 1, 5, 19),
('471788', NULL, '65PM5', '65PM6', 1, 5, 20),
('471788', NULL, '65PM5', '65PM6', 1, 5, 21),
('471788', NULL, '65PM1', '65PM2', 4, 5, 1),
('471788', NULL, '65PM1', '65PM2', 4, 5, 4),
('471788', NULL, '65PM1', '65PM2', 4, 5, 5),
('471788', NULL, '65PM1', '65PM2', 4, 5, 6),
('471788', NULL, '65PM1', '65PM2', 4, 5, 7),
('471788', NULL, '65PM1', '65PM2', 4, 5, 8),
('471788', NULL, '65PM1', '65PM2', 4, 5, 9),
('471788', NULL, '65PM1', '65PM2', 4, 5, 12),
('471788', NULL, '65PM1', '65PM2', 4, 5, 13),
('471788', NULL, '65PM1', '65PM2', 4, 5, 14),
('471788', NULL, '65PM1', '65PM2', 4, 5, 15),
('471788', NULL, '65PM1', '65PM2', 4, 5, 16),
('471788', NULL, '65PM1', '65PM2', 4, 5, 17),
('471788', NULL, '65PM1', '65PM2', 4, 5, 18),
('471788', NULL, '65PM1', '65PM2', 4, 5, 19),
('471788', NULL, '65PM1', '65PM2', 4, 5, 20),
('471788', NULL, '65PM1', '65PM2', 4, 5, 21),
('471788', NULL, '65PM1', '65PM2', 4, 5, 22),
('471788', NULL, '65PM3', '65PM4', 2, 5, 1),
('471788', NULL, '65PM3', '65PM4', 2, 5, 4),
('471788', NULL, '65PM3', '65PM4', 2, 5, 5),
('471788', NULL, '65PM3', '65PM4', 2, 5, 6),
('471788', NULL, '65PM3', '65PM4', 2, 5, 7),
('471788', NULL, '65PM3', '65PM4', 2, 5, 8),
('471788', NULL, '65PM3', '65PM4', 2, 5, 9),
('471788', NULL, '65PM3', '65PM4', 2, 5, 12),
('471788', NULL, '65PM3', '65PM4', 2, 5, 13),
('471788', NULL, '65PM3', '65PM4', 2, 5, 14),
('471788', NULL, '65PM3', '65PM4', 2, 5, 15),
('471788', NULL, '65PM3', '65PM4', 2, 5, 16),
('471788', NULL, '65PM3', '65PM4', 2, 5, 17),
('471788', NULL, '65PM3', '65PM4', 2, 5, 18),
('471788', NULL, '65PM3', '65PM4', 2, 5, 19),
('471788', NULL, '65PM3', '65PM4', 2, 5, 20),
('471788', NULL, '65PM3', '65PM4', 2, 5, 21),
('471788', NULL, '65PM3', '65PM4', 2, 5, 22),
('471789', NULL, '65PM1', '65PM2', 3, 3, 12),
('471789', NULL, '65PM1', '65PM2', 3, 3, 13),
('471789', NULL, '65PM1', '65PM2', 3, 3, 14),
('471789', NULL, '65PM1', '65PM2', 3, 3, 15),
('471789', NULL, '65PM1', '65PM2', 3, 3, 16),
('471789', NULL, '65PM1', '65PM2', 3, 3, 17),
('471789', NULL, '65PM1', '65PM2', 3, 3, 18),
('471789', NULL, '65PM1', '65PM2', 3, 3, 19),
('471789', NULL, '65PM1', '65PM2', 3, 3, 20),
('471789', NULL, '65PM1', '65PM2', 3, 3, 21),
('471789', NULL, '65PM3', '65PM4', 2, 4, 12),
('471789', NULL, '65PM3', '65PM4', 2, 4, 13),
('471789', NULL, '65PM3', '65PM4', 2, 4, 14),
('471789', NULL, '65PM3', '65PM4', 2, 4, 15),
('471789', NULL, '65PM3', '65PM4', 2, 4, 16),
('471789', NULL, '65PM3', '65PM4', 2, 4, 17),
('471789', NULL, '65PM3', '65PM4', 2, 4, 18),
('471789', NULL, '65PM3', '65PM4', 2, 4, 19),
('471789', NULL, '65PM3', '65PM4', 2, 4, 20),
('471789', NULL, '65PM3', '65PM4', 2, 4, 21),
('471789', NULL, '65PM5', '65PM6', 2, 6, 12),
('471789', NULL, '65PM5', '65PM6', 2, 6, 13),
('471789', NULL, '65PM5', '65PM6', 2, 6, 14),
('471789', NULL, '65PM5', '65PM6', 2, 6, 15),
('471789', NULL, '65PM5', '65PM6', 2, 6, 16),
('471789', NULL, '65PM5', '65PM6', 2, 6, 17),
('471789', NULL, '65PM5', '65PM6', 2, 6, 18),
('471789', NULL, '65PM5', '65PM6', 2, 6, 19),
('471789', NULL, '65PM5', '65PM6', 2, 6, 20),
('471789', NULL, '65PM5', '65PM6', 2, 6, 21),
('471790', 2, '65PM5', '65PM6', 2, 3, 12),
('471790', 2, '65PM5', '65PM6', 2, 3, 13),
('471790', 2, '65PM3', '65PM4', 2, 4, 5),
('471790', 2, '65PM3', '65PM4', 2, 4, 6),
('471790', 2, '65PM1', '65PM2', 3, 3, 4),
('471790', 2, '65PM1', '65PM2', 3, 3, 5),
('471790', 2, '65PM1', '65PM2', 3, 2, 1),
('471790', 2, '65PM1', '65PM2', 3, 2, 4),
('471790', 2, '65PM1', '65PM2', 3, 2, 5),
('471790', 2, '65PM1', '65PM2', 3, 2, 6),
('471790', 2, '65PM1', '65PM2', 3, 2, 7),
('471790', 2, '65PM1', '65PM2', 3, 2, 8),
('471790', 2, '65PM1', '65PM2', 3, 2, 9),
('471790', 2, '65PM1', '65PM2', 3, 2, 12),
('471790', 2, '65PM1', '65PM2', 3, 2, 13),
('471790', 2, '65PM1', '65PM2', 3, 2, 14),
('471790', 2, '65PM1', '65PM2', 3, 2, 15),
('471790', 2, '65PM1', '65PM2', 3, 2, 16),
('471790', 2, '65PM1', '65PM2', 3, 2, 18),
('471790', 2, '65PM1', '65PM2', 3, 2, 19),
('471790', 2, '65PM1', '65PM2', 3, 2, 20),
('471790', 2, '65PM1', '65PM2', 3, 2, 21),
('471790', 2, '65PM1', '65PM2', 3, 2, 22),
('471790', 2, '65PM3', '65PM4', 1, 2, 1),
('471790', 2, '65PM3', '65PM4', 1, 2, 4),
('471790', 2, '65PM3', '65PM4', 1, 2, 5),
('471790', 2, '65PM3', '65PM4', 1, 2, 6),
('471790', 2, '65PM3', '65PM4', 1, 2, 7),
('471790', 2, '65PM3', '65PM4', 1, 2, 8),
('471790', 2, '65PM3', '65PM4', 1, 2, 9),
('471790', 2, '65PM3', '65PM4', 1, 2, 12),
('471790', 2, '65PM3', '65PM4', 1, 2, 13),
('471790', 2, '65PM3', '65PM4', 1, 2, 14),
('471790', 2, '65PM3', '65PM4', 1, 2, 15),
('471790', 2, '65PM3', '65PM4', 1, 2, 16),
('471790', 2, '65PM3', '65PM4', 1, 2, 18),
('471790', 2, '65PM3', '65PM4', 1, 2, 19),
('471790', 2, '65PM3', '65PM4', 1, 2, 20),
('471790', 2, '65PM3', '65PM4', 1, 2, 21),
('471790', 2, '65PM3', '65PM4', 1, 2, 22),
('471790', 2, '65PM5', '65PM6', 2, 2, 1),
('471790', 2, '65PM5', '65PM6', 2, 2, 4),
('471790', 2, '65PM5', '65PM6', 2, 2, 5),
('471790', 2, '65PM5', '65PM6', 2, 2, 6),
('471790', 2, '65PM5', '65PM6', 2, 2, 7),
('471790', 2, '65PM5', '65PM6', 2, 2, 8),
('471790', 2, '65PM5', '65PM6', 2, 2, 9),
('471790', 2, '65PM5', '65PM6', 2, 2, 12),
('471790', 2, '65PM5', '65PM6', 2, 2, 13),
('471790', 2, '65PM5', '65PM6', 2, 2, 14),
('471790', 2, '65PM5', '65PM6', 2, 2, 15),
('471790', 2, '65PM5', '65PM6', 2, 2, 16),
('471790', 2, '65PM5', '65PM6', 2, 2, 18),
('471790', 2, '65PM5', '65PM6', 2, 2, 19),
('471790', 2, '65PM5', '65PM6', 2, 2, 20),
('471790', 2, '65PM5', '65PM6', 2, 2, 21),
('471790', 2, '65PM5', '65PM6', 2, 2, 22),
('471791', 6, '65PM5', '65PM6', 1, 3, 14),
('471791', 6, '65PM5', '65PM6', 1, 3, 15),
('471791', 6, '65PM3', '65PM4', 1, 4, 7),
('471791', 6, '65PM1', '65PM2', 3, 3, 6),
('471791', 6, '65PM5', '65PM6', 2, 4, 1),
('471791', 6, '65PM5', '65PM6', 2, 4, 4),
('471791', 6, '65PM5', '65PM6', 2, 4, 5),
('471791', 6, '65PM5', '65PM6', 2, 4, 6),
('471791', 6, '65PM5', '65PM6', 2, 4, 7),
('471791', 6, '65PM5', '65PM6', 2, 4, 8),
('471791', 6, '65PM5', '65PM6', 2, 4, 9),
('471791', 6, '65PM5', '65PM6', 2, 4, 12),
('471791', 6, '65PM5', '65PM6', 2, 4, 13),
('471791', 6, '65PM5', '65PM6', 2, 4, 14),
('471791', 6, '65PM5', '65PM6', 2, 4, 15),
('471791', 6, '65PM5', '65PM6', 2, 4, 16),
('471791', 6, '65PM5', '65PM6', 2, 4, 17),
('471791', 6, '65PM5', '65PM6', 2, 4, 18),
('471791', 6, '65PM5', '65PM6', 2, 4, 19),
('471791', 6, '65PM5', '65PM6', 2, 4, 20),
('471791', 6, '65PM5', '65PM6', 2, 4, 21),
('471791', 6, '65PM1', '65PM2', 3, 4, 1),
('471791', 6, '65PM1', '65PM2', 3, 4, 4),
('471791', 6, '65PM1', '65PM2', 3, 4, 5),
('471791', 6, '65PM1', '65PM2', 3, 4, 6),
('471791', 6, '65PM1', '65PM2', 3, 4, 7),
('471791', 6, '65PM1', '65PM2', 3, 4, 8),
('471791', 6, '65PM1', '65PM2', 3, 4, 9),
('471791', 6, '65PM1', '65PM2', 3, 4, 12),
('471791', 6, '65PM1', '65PM2', 3, 4, 13),
('471791', 6, '65PM1', '65PM2', 3, 4, 14),
('471791', 6, '65PM1', '65PM2', 3, 4, 15),
('471791', 6, '65PM1', '65PM2', 3, 4, 16),
('471791', 6, '65PM1', '65PM2', 3, 4, 17),
('471791', 6, '65PM1', '65PM2', 3, 4, 18),
('471791', 6, '65PM1', '65PM2', 3, 4, 19),
('471791', 6, '65PM1', '65PM2', 3, 4, 20),
('471791', 6, '65PM1', '65PM2', 3, 4, 21),
('471791', 6, '65PM1', '65PM2', 3, 4, 22),
('471791', 6, '65PM3', '65PM4', 2, 3, 1),
('471791', 6, '65PM3', '65PM4', 2, 3, 4),
('471791', 6, '65PM3', '65PM4', 2, 3, 5),
('471791', 6, '65PM3', '65PM4', 2, 3, 6),
('471791', 6, '65PM3', '65PM4', 2, 3, 7),
('471791', 6, '65PM3', '65PM4', 2, 3, 8),
('471791', 6, '65PM3', '65PM4', 2, 3, 9),
('471791', 6, '65PM3', '65PM4', 2, 3, 12),
('471791', 6, '65PM3', '65PM4', 2, 3, 13),
('471791', 6, '65PM3', '65PM4', 2, 3, 14),
('471791', 6, '65PM3', '65PM4', 2, 3, 15),
('471791', 6, '65PM3', '65PM4', 2, 3, 16),
('471791', 6, '65PM3', '65PM4', 2, 3, 17),
('471791', 6, '65PM3', '65PM4', 2, 3, 18),
('471791', 6, '65PM3', '65PM4', 2, 3, 19),
('471791', 6, '65PM3', '65PM4', 2, 3, 20),
('471791', 6, '65PM3', '65PM4', 2, 3, 21),
('471791', 6, '65PM3', '65PM4', 2, 3, 22),
('471792', NULL, '65PM5', '65PM6', 2, 3, 18),
('471792', NULL, '65PM5', '65PM6', 2, 3, 19),
('471792', NULL, '65PM3', '65PM4', 2, 4, 9),
('471792', NULL, '65PM1', '65PM2', 3, 3, 8),
('471792', NULL, '65PM1', '65PM2', 3, 3, 9),
('471792', NULL, '65PM1', '65PM2', 4, 7, 1),
('471792', NULL, '65PM1', '65PM2', 4, 7, 4),
('471792', NULL, '65PM1', '65PM2', 4, 7, 5),
('471792', NULL, '65PM1', '65PM2', 4, 7, 6),
('471792', NULL, '65PM1', '65PM2', 4, 7, 7),
('471792', NULL, '65PM1', '65PM2', 4, 7, 8),
('471792', NULL, '65PM1', '65PM2', 4, 7, 9),
('471792', NULL, '65PM1', '65PM2', 4, 7, 12),
('471792', NULL, '65PM1', '65PM2', 4, 7, 13),
('471792', NULL, '65PM1', '65PM2', 4, 7, 14),
('471792', NULL, '65PM1', '65PM2', 4, 7, 15),
('471792', NULL, '65PM1', '65PM2', 4, 7, 17),
('471792', NULL, '65PM1', '65PM2', 4, 7, 18),
('471792', NULL, '65PM1', '65PM2', 4, 7, 19),
('471792', NULL, '65PM1', '65PM2', 4, 7, 20),
('471792', NULL, '65PM1', '65PM2', 4, 7, 21),
('471792', NULL, '65PM1', '65PM2', 4, 7, 22),
('471792', NULL, '65PM5', '65PM6', 1, 7, 1),
('471792', NULL, '65PM5', '65PM6', 1, 7, 4),
('471792', NULL, '65PM5', '65PM6', 1, 7, 5),
('471792', NULL, '65PM5', '65PM6', 1, 7, 6),
('471792', NULL, '65PM5', '65PM6', 1, 7, 7),
('471792', NULL, '65PM5', '65PM6', 1, 7, 8),
('471792', NULL, '65PM5', '65PM6', 1, 7, 9),
('471792', NULL, '65PM5', '65PM6', 1, 7, 12),
('471792', NULL, '65PM5', '65PM6', 1, 7, 13),
('471792', NULL, '65PM5', '65PM6', 1, 7, 14),
('471792', NULL, '65PM5', '65PM6', 1, 7, 15),
('471792', NULL, '65PM5', '65PM6', 1, 7, 17),
('471792', NULL, '65PM5', '65PM6', 1, 7, 18),
('471792', NULL, '65PM5', '65PM6', 1, 7, 19),
('471792', NULL, '65PM5', '65PM6', 1, 7, 20),
('471792', NULL, '65PM5', '65PM6', 1, 7, 21),
('471792', NULL, '65PM5', '65PM6', 1, 7, 22),
('471792', NULL, '65PM3', '65PM4', 1, 6, 1),
('471792', NULL, '65PM3', '65PM4', 1, 6, 4),
('471792', NULL, '65PM3', '65PM4', 1, 6, 5),
('471792', NULL, '65PM3', '65PM4', 1, 6, 6),
('471792', NULL, '65PM3', '65PM4', 1, 6, 7),
('471792', NULL, '65PM3', '65PM4', 1, 6, 8),
('471792', NULL, '65PM3', '65PM4', 1, 6, 9),
('471792', NULL, '65PM3', '65PM4', 1, 6, 12),
('471792', NULL, '65PM3', '65PM4', 1, 6, 13),
('471792', NULL, '65PM3', '65PM4', 1, 6, 14),
('471792', NULL, '65PM3', '65PM4', 1, 6, 15),
('471792', NULL, '65PM3', '65PM4', 1, 6, 16),
('471792', NULL, '65PM3', '65PM4', 1, 6, 17),
('471792', NULL, '65PM3', '65PM4', 1, 6, 18),
('471792', NULL, '65PM3', '65PM4', 1, 6, 19),
('471792', NULL, '65PM3', '65PM4', 1, 6, 20),
('471792', NULL, '65PM3', '65PM4', 1, 6, 21),
('471792', NULL, '65PM3', '65PM4', 1, 6, 22),
('478803', NULL, '66CS1', '66CS2', 4, 4, 1),
('478803', NULL, '66CS3', NULL, 1, 4, 1),
('478803', NULL, '66CS1', '66CS2', 3, 6, 1),
('478803', NULL, '66CS1', '66CS2', 3, 6, 4),
('478803', NULL, '66CS1', '66CS2', 3, 6, 5),
('478803', NULL, '66CS1', '66CS2', 3, 6, 6),
('478803', NULL, '66CS1', '66CS2', 3, 6, 7),
('478803', NULL, '66CS1', '66CS2', 3, 6, 8),
('478803', NULL, '66CS1', '66CS2', 3, 6, 9),
('478803', NULL, '66CS1', '66CS2', 3, 6, 12),
('478803', NULL, '66CS1', '66CS2', 3, 6, 13),
('478803', NULL, '66CS1', '66CS2', 3, 6, 14),
('478803', NULL, '66CS1', '66CS2', 3, 6, 15),
('478803', NULL, '66CS1', '66CS2', 3, 6, 16),
('478803', NULL, '66CS1', '66CS2', 3, 6, 17),
('478803', NULL, '66CS1', '66CS2', 3, 6, 18),
('478803', NULL, '66CS1', '66CS2', 3, 6, 19),
('478803', NULL, '66CS1', '66CS2', 3, 6, 20),
('478803', NULL, '66CS1', '66CS2', 3, 6, 21),
('478803', NULL, '66CS1', '66CS2', 3, 6, 22),
('478803', NULL, '66CS3', NULL, 2, 3, 1),
('478803', NULL, '66CS3', NULL, 2, 3, 4),
('478803', NULL, '66CS3', NULL, 2, 3, 5),
('478803', NULL, '66CS3', NULL, 2, 3, 6),
('478803', NULL, '66CS3', NULL, 2, 3, 7),
('478803', NULL, '66CS3', NULL, 2, 3, 8),
('478803', NULL, '66CS3', NULL, 2, 3, 9),
('478803', NULL, '66CS3', NULL, 2, 3, 12),
('478803', NULL, '66CS3', NULL, 2, 3, 13),
('478803', NULL, '66CS3', NULL, 2, 3, 14),
('478803', NULL, '66CS3', NULL, 2, 3, 15),
('478803', NULL, '66CS3', NULL, 2, 3, 16),
('478803', NULL, '66CS3', NULL, 2, 3, 17),
('478803', NULL, '66CS3', NULL, 2, 3, 18),
('478803', NULL, '66CS3', NULL, 2, 3, 19),
('478803', NULL, '66CS3', NULL, 2, 3, 20),
('478803', NULL, '66CS3', NULL, 2, 3, 21),
('478803', NULL, '66CS3', NULL, 2, 3, 22),
('478804', NULL, '66CS1', '66CS2', 4, 4, 12),
('478804', NULL, '66CS1', '66CS2', 4, 4, 13),
('478804', NULL, '66CS1', '66CS2', 4, 4, 14),
('478804', NULL, '66CS1', '66CS2', 4, 4, 15),
('478804', NULL, '66CS1', '66CS2', 4, 4, 16),
('478804', NULL, '66CS1', '66CS2', 4, 4, 17),
('478804', NULL, '66CS1', '66CS2', 4, 4, 18),
('478804', NULL, '66CS1', '66CS2', 4, 4, 19),
('478804', NULL, '66CS1', '66CS2', 4, 4, 20),
('478804', NULL, '66CS1', '66CS2', 4, 4, 21),
('478804', NULL, '66CS3', NULL, 2, 6, 12),
('478804', NULL, '66CS3', NULL, 2, 6, 13),
('478804', NULL, '66CS3', NULL, 2, 6, 14),
('478804', NULL, '66CS3', NULL, 2, 6, 15),
('478804', NULL, '66CS3', NULL, 2, 6, 16),
('478804', NULL, '66CS3', NULL, 2, 6, 17),
('478804', NULL, '66CS3', NULL, 2, 6, 18),
('478804', NULL, '66CS3', NULL, 2, 6, 19),
('478804', NULL, '66CS3', NULL, 2, 6, 20),
('478804', NULL, '66CS3', NULL, 2, 6, 21),
('478805', 5, '65CS1', '65CS2', 4, 5, 12),
('478805', 5, '65CS1', '65CS2', 4, 5, 13),
('478805', 5, '65CS1', '65CS2', 4, 5, 14),
('478805', 5, '65CS1', '65CS2', 4, 5, 15),
('478805', 5, '65CS3', NULL, 3, 6, 12),
('478805', 5, '65CS3', NULL, 3, 6, 13),
('478805', 5, '65CS3', NULL, 3, 6, 14),
('478805', 5, '65CS3', NULL, 3, 6, 15),
('478805', 5, '65CS1', '65CS2', 4, 2, 1),
('478805', 5, '65CS1', '65CS2', 4, 2, 4),
('478805', 5, '65CS1', '65CS2', 4, 2, 5),
('478805', 5, '65CS1', '65CS2', 4, 2, 6),
('478805', 5, '65CS1', '65CS2', 4, 2, 7),
('478805', 5, '65CS1', '65CS2', 4, 2, 8),
('478805', 5, '65CS1', '65CS2', 4, 2, 9),
('478805', 5, '65CS1', '65CS2', 4, 2, 12),
('478805', 5, '65CS1', '65CS2', 4, 2, 13),
('478805', 5, '65CS1', '65CS2', 4, 2, 14),
('478805', 5, '65CS1', '65CS2', 4, 2, 15),
('478805', 5, '65CS3', NULL, 3, 3, 1),
('478805', 5, '65CS3', NULL, 3, 3, 4),
('478805', 5, '65CS3', NULL, 3, 3, 5),
('478805', 5, '65CS3', NULL, 3, 3, 6),
('478805', 5, '65CS3', NULL, 3, 3, 7),
('478805', 5, '65CS3', NULL, 3, 3, 8),
('478805', 5, '65CS3', NULL, 3, 3, 9),
('478805', 5, '65CS3', NULL, 3, 3, 12),
('478805', 5, '65CS3', NULL, 3, 3, 13),
('478805', 5, '65CS3', NULL, 3, 3, 14),
('478805', 5, '65CS3', NULL, 3, 3, 15),
('478807', 5, '65CS2', '65CS3', 2, 2, 12),
('478807', 5, '65CS2', '65CS3', 2, 2, 13),
('478807', 5, '65CS2', '65CS3', 2, 2, 14),
('478807', 5, '65CS2', '65CS3', 2, 2, 15),
('478807', 5, '65CS2', '65CS3', 2, 2, 16),
('478807', 5, '65CS2', '65CS3', 2, 2, 18),
('478807', 5, '65CS2', '65CS3', 2, 2, 19),
('478807', 5, '65CS2', '65CS3', 2, 2, 20),
('478807', 5, '65CS2', '65CS3', 2, 2, 21),
('478807', 5, '65CS2', '65CS3', 2, 2, 22),
('478807', 5, '65CS1', NULL, 3, 3, 12),
('478807', 5, '65CS1', NULL, 3, 3, 13),
('478807', 5, '65CS1', NULL, 3, 3, 14),
('478807', 5, '65CS1', NULL, 3, 3, 15),
('478807', 5, '65CS1', NULL, 3, 3, 16),
('478807', 5, '65CS1', NULL, 3, 3, 17),
('478807', 5, '65CS1', NULL, 3, 3, 18),
('478807', 5, '65CS1', NULL, 3, 3, 19),
('478807', 5, '65CS1', NULL, 3, 3, 20),
('478807', 5, '65CS1', NULL, 3, 3, 21);

-- --------------------------------------------------------

--
-- Cấu trúc bảng cho bảng `schedule`
--

CREATE TABLE `schedule` (
  `id` int(2) DEFAULT NULL,
  `teacher_id` varchar(10) COLLATE utf8mb4_unicode_ci DEFAULT NULL,
  `teacher` varchar(9) COLLATE utf8mb4_unicode_ci DEFAULT NULL,
  `class_code` varchar(12) COLLATE utf8mb4_unicode_ci DEFAULT NULL,
  `class_name` varchar(6) COLLATE utf8mb4_unicode_ci DEFAULT NULL,
  `subject_code` varchar(12) COLLATE utf8mb4_unicode_ci NOT NULL,
  `subject_name` varchar(37) COLLATE utf8mb4_unicode_ci DEFAULT NULL,
  `total` int(2) DEFAULT NULL,
  `begin` varchar(10) COLLATE utf8mb4_unicode_ci DEFAULT NULL,
  `end` varchar(10) COLLATE utf8mb4_unicode_ci DEFAULT NULL
) ENGINE=InnoDB DEFAULT CHARSET=utf8mb4 COLLATE=utf8mb4_unicode_ci;

--
-- Đang đổ dữ liệu cho bảng `schedule`
--

INSERT INTO `schedule` (`id`, `teacher_id`, `teacher`, `class_code`, `class_name`, `subject_code`, `subject_name`, `total`, `begin`, `end`) VALUES
(1, '1', 'Hân', '47178203', '64PM1', '471782', 'Công nghệ đa phương tiện', 69, '01/10/2023', '03/07/2023'),
(2, '2', 'Dương', '47177201', '64PM1', '471772', 'C# và môi trường NET', 69, '01/09/2023', '06/01/2023'),
(3, '3', 'Dung', '47174101', '64PM1', '471741', 'Đồ án công nghệ phần mềm', 69, '28/03/2023', '30/05/2023'),
(4, '4', 'Trung', '47178301', '64PM1', '471783', 'Đồ án tổng hợp', 69, '31/03/2023', '06/02/2023'),
(5, '4', 'Trung', '47177301', '64PM1', '471773', 'Phần mềm nguồn mở và thiết kế WEB', 69, '01/10/2023', '06/02/2023'),
(6, '3', 'Dung', '47175201', '64PM1', '471752', 'Quản lý dự án công nghệ thông tin', 69, '29/03/2023', '31/05/2023'),
(7, '1', 'Hân', '47178204', '64PM2', '471782', 'Công nghệ đa phương tiện', 68, '01/10/2023', '03/07/2023'),
(8, '2', 'Dương', '47177202', '64PM2', '471772', 'C# và môi trường NET', 68, '01/09/2023', '06/01/2023'),
(9, '4', 'Trung', '47177302', '64PM2', '471773', 'Phần mềm nguồn mở và thiết kế WEB', 68, '01/10/2023', '06/02/2023'),
(10, '3', 'Dung', '47174102', '64PM2', '471741', 'Đồ án công nghệ phần mềm', 68, '28/03/2023', '30/05/2023'),
(11, '3', 'Dung', '47175202', '64PM2', '471752', 'Quản lý dự án công nghệ thông tin', 68, '29/03/2023', '31/05/2023'),
(12, '4', 'Trung', '47178302', '64PM2', '471783', 'Đồ án tổng hợp', 68, '31/03/2023', '06/02/2023'),
(13, '1', 'Hân', '47178201', '64MHT1', '471782', 'Công nghệ đa phương tiện', 44, '01/11/2023', '03/11/2023'),
(14, '1', 'Hân', '47178202', '64MHT2', '471782', 'Công nghệ đa phương tiện', 41, '01/11/2023', '03/11/2023'),
(15, '5', 'Hoàng Anh', '47880501', '65CS1', '478805', 'Công nghệ phần mềm', 45, '01/09/2023', '20/04/2023'),
(16, '5', 'Hoàng Anh', '47880701', '65CS1', '478807', 'Đồ án công nghệ phần mềm', 45, '28/03/2023', '30/05/2023'),
(17, '5', 'Hoàng Anh', '47880503', '65CS2', '478805', 'Công nghệ phần mềm', 43, '01/10/2023', '21/04/2023'),
(18, '5', 'Hoàng Anh', '47880703', '65CS2', '478807', 'Đồ án công nghệ phần mềm', 43, '27/03/2023', '06/05/2023'),
(19, '5', 'Hoàng Anh', '47880502', '65CS3', '478805', 'Công nghệ phần mềm', 46, '01/10/2023', '21/04/2023'),
(20, '5', 'Hoàng Anh', '47880702', '65CS3', '478807', 'Đồ án công nghệ phần mềm', 46, '27/03/2023', '06/05/2023'),
(21, '2', 'Dương', '47179002', '65PM2', '471790', 'C# Winform', 50, '01/09/2023', '06/05/2023'),
(22, '6', 'Đình Anh', '47179102', '65PM2', '471791', 'Cơ sở dữ liệu nâng cao', 50, '01/11/2023', '06/07/2023'),
(23, '4', 'Trung', '47178802', '65PM2', '471788', 'Công nghệ thiết kế WEB nâng cao', 50, '01/12/2023', '06/08/2023'),
(24, '4', 'Trung', '47179202', '65PM2', '471792', 'Phần mềm nguồn mở', 50, '14/01/2023', '06/10/2023'),
(25, '4', 'Trung', '47178902', '65PM2', '471789', 'Đồ án Công nghệ thiết kế WEB nâng cao', 50, '28/03/2023', '30/05/2023'),
(26, '2', 'Dương', '47179001', '65PM1', '471790', 'C# Winform', 50, '01/09/2023', '06/05/2023'),
(27, '6', 'Đình Anh', '47179101', '65PM1', '471791', 'Cơ sở dữ liệu nâng cao', 50, '01/11/2023', '06/07/2023'),
(28, '6', 'Đình Anh', '47178801', '65PM1', '471788', 'Công nghệ thiết kế WEB nâng cao', 50, '01/12/2023', '06/08/2023'),
(29, '4', 'Trung', '47179201', '65PM1', '471792', 'Phần mềm nguồn mở', 50, '14/01/2023', '06/10/2023'),
(30, '4', 'Trung', '47178901', '65PM1', '471789', 'Đồ án Công nghệ thiết kế WEB nâng cao', 50, '28/03/2023', '30/05/2023'),
(31, '2', 'Dương', '47179003', '65PM3', '471790', 'C# Winform', 50, '01/09/2023', '06/05/2023'),
(32, '6', 'Đình Anh', '47179103', '65PM3', '471791', 'Cơ sở dữ liệu nâng cao', 50, '01/10/2023', '06/06/2023'),
(33, '7', 'Bản', '47178803', '65PM3', '471788', 'Công nghệ thiết kế WEB nâng cao', 50, '01/12/2023', '06/08/2023'),
(34, '4', 'Trung', '47179203', '65PM3', '471792', 'Phần mềm nguồn mở', 50, '13/01/2023', '06/09/2023'),
(35, '7', 'Bản', '47178903', '65PM3', '471789', 'Đồ án Công nghệ thiết kế WEB nâng cao', 50, '29/03/2023', '31/05/2023'),
(36, '2', 'Dương', '47179004', '65PM4', '471790', 'C# Winform', 50, '01/09/2023', '06/05/2023'),
(37, '6', 'Đình Anh', '47179104', '65PM4', '471791', 'Cơ sở dữ liệu nâng cao', 50, '01/10/2023', '06/06/2023'),
(38, '7', 'Bản', '47178804', '65PM4', '471788', 'Công nghệ thiết kế WEB nâng cao', 50, '01/12/2023', '06/08/2023'),
(39, '4', 'Trung', '47179204', '65PM4', '471792', 'Phần mềm nguồn mở', 50, '13/01/2023', '06/09/2023'),
(40, '7', 'Bản', '47178904', '65PM4', '471789', 'Đồ án Công nghệ thiết kế WEB nâng cao', 50, '29/03/2023', '31/05/2023'),
(41, '2', 'Dương', '47179005', '65PM5', '471790', 'C# Winform', 50, '01/09/2023', '06/05/2023'),
(42, '4', 'Trung', '47179205', '65PM5', '471792', 'Phần mềm nguồn mở', 50, '14/01/2023', '06/10/2023'),
(43, '6', 'Đình Anh', '47179105', '65PM5', '471791', 'Cơ sở dữ liệu nâng cao', 50, '01/11/2023', '31/05/2023'),
(44, '7', 'Bản', '47178805', '65PM5', '471788', 'Công nghệ thiết kế WEB nâng cao', 50, '01/12/2023', '06/01/2023'),
(45, '7', 'Bản', '47178905', '65PM5', '471789', 'Đồ án Công nghệ thiết kế WEB nâng cao', 50, '31/03/2023', '06/02/2023'),
(46, '2', 'Dương', '47179006', '65PM6', '471790', 'C# Winform', 50, '01/09/2023', '06/05/2023'),
(47, '6', 'Đình Anh', '47179106', '65PM6', '471791', 'Cơ sở dữ liệu nâng cao', 50, '01/11/2023', '31/05/2023'),
(48, '7', 'Bản', '47178806', '65PM6', '471788', 'Công nghệ thiết kế WEB nâng cao', 50, '01/12/2023', '06/01/2023'),
(49, '7', 'Bản', '47179206', '65PM6', '471792', 'Phần mềm nguồn mở', 50, '14/01/2023', '06/10/2023'),
(50, '4', 'Trung', '47178906', '65PM6', '471789', 'Đồ án Công nghệ thiết kế WEB nâng cao', 50, '31/03/2023', '06/02/2023'),
(51, '8', 'Hạnh', '47880302', '66CS1', '478803', 'Hệ cơ sở dữ liệu', 43, '01/11/2023', '06/09/2023'),
(52, '8', 'Hạnh', '47880402', '66CS1', '478804', 'Đồ án hệ cơ sở dữ liệu', 43, '29/03/2023', '31/05/2023'),
(53, '8', 'Hạnh', '47880303', '66CS2', '478803', 'Hệ cơ sở dữ liệu', 43, '01/11/2023', '06/07/2023'),
(54, '8', 'Hạnh', '47880403', '66CS2', '478804', 'Đồ án hệ cơ sở dữ liệu', 43, '31/03/2023', '06/02/2023'),
(55, '1', 'Hân', '47880301', '66CS3', '478803', 'Hệ cơ sở dữ liệu', 42, '01/10/2023', '06/06/2023'),
(56, '1', 'Hân', '47880401', '66CS3', '478804', 'Đồ án hệ cơ sở dữ liệu', 42, '31/03/2023', '06/02/2023'),
(57, '1', 'Hân', '47173201', '66IT2', '471732', 'Công nghệ phần mềm', 54, '01/11/2023', '03/10/2023'),
(58, '6', 'Đình Anh', '47175501', '66IT2', '471755', 'Cấu trúc dữ liệu và thuật toán 2', 54, '01/11/2023', '03/08/2023'),
(59, '1', 'Hân', '47173203', '66IT1', '471732', 'Công nghệ phần mềm', 55, '01/11/2023', '03/10/2023'),
(60, '6', 'Đình Anh', '47175503', '66IT1', '471755', 'Cấu trúc dữ liệu và thuật toán 2', 55, '01/11/2023', '03/08/2023'),
(61, '1', 'Hân', '47173205', '66IT4', '471732', 'Công nghệ phần mềm', 54, '01/09/2023', '03/06/2023'),
(62, '1', 'Hân', '47173204', '66IT3', '471732', 'Công nghệ phần mềm', 55, '01/09/2023', '03/06/2023'),
(63, '7', 'Bản', '47175504', '66IT3', '471755', 'Cấu trúc dữ liệu và thuật toán 2', 55, '01/11/2023', '03/11/2023'),
(64, '7', 'Bản', '47175505', '66IT4', '471755', 'Cấu trúc dữ liệu và thuật toán 2', 54, '01/11/2023', '03/11/2023'),
(65, '9', 'Như Tùng', '47173206', '66IT5', '471732', 'Công nghệ phần mềm', 54, '01/11/2023', '03/08/2023'),
(66, '7', 'Bản', '47175506', '66IT5', '471755', 'Cấu trúc dữ liệu và thuật toán 2', 54, '01/11/2023', '03/08/2023'),
(67, '7', 'Bản', '47175502', '66IT6', '471755', 'Cấu trúc dữ liệu và thuật toán 2', 53, '01/11/2023', '03/08/2023'),
(68, '9', 'Như Tùng', '47173202', '66IT6', '471732', 'Công nghệ phần mềm', 53, '01/11/2023', '03/08/2023'),
(69, '5', 'Hoàng Anh', '47172702', '66TH1', '471727', 'Cơ sở dữ liệu 1', 57, '27/03/2023', '06/05/2023'),
(70, '5', 'Hoàng Anh', '47172701', '66TH2', '471727', 'Cơ sở dữ liệu 1', 56, '27/03/2023', '06/05/2023'),
(71, '9', 'Như Tùng', '47173702', '67IT2', '471737', 'Ngoại ngữ chuyên ngành', 54, '02/04/2023', '04/08/2023'),
(72, '9', 'Như Tùng', '47173701', '67IT1', '471737', 'Ngoại ngữ chuyên ngành', 53, '02/04/2023', '04/08/2023'),
(73, '9', 'Như Tùng', '47173705', '67IT5', '471737', 'Ngoại ngữ chuyên ngành', 52, '05/03/2023', '14/06/2023'),
(74, '9', 'Như Tùng', '47173703', '67IT3', '471737', 'Ngoại ngữ chuyên ngành', 53, '05/02/2023', '16/06/2023'),
(75, '9', 'Như Tùng', '47173704', '67IT4', '471737', 'Ngoại ngữ chuyên ngành', 52, '05/02/2023', '16/06/2023');

-- --------------------------------------------------------

--
-- Cấu trúc bảng cho bảng `schedule_detail`
--

CREATE TABLE `schedule_detail` (
  `ID` int(11) NOT NULL,
  `CLASS_CODE` varchar(10) COLLATE utf8mb4_unicode_ci NOT NULL,
  `ENROLL_CLASS` varchar(10) COLLATE utf8mb4_unicode_ci NOT NULL,
  `MERGED_CLASS` varchar(10) COLLATE utf8mb4_unicode_ci DEFAULT NULL,
  `teacher_id` int(11) DEFAULT NULL,
  `teacher_name` varchar(80) COLLATE utf8mb4_unicode_ci DEFAULT NULL,
  `LEC_CODE` int(11) DEFAULT NULL,
  `SEMESTER_ID` int(11) DEFAULT NULL,
  `SESSION` int(11) NOT NULL,
  `DAY_STUDY` int(11) NOT NULL,
  `START_DATE` date NOT NULL,
  `END_DATE` date NOT NULL,
  `WEEK_STUDY` varchar(200) COLLATE utf8mb4_unicode_ci NOT NULL,
  `WEEKS` varchar(200) COLLATE utf8mb4_unicode_ci NOT NULL
) ENGINE=InnoDB DEFAULT CHARSET=utf8mb4 COLLATE=utf8mb4_unicode_ci;

--
-- Đang đổ dữ liệu cho bảng `schedule_detail`
--

INSERT INTO `schedule_detail` (`ID`, `CLASS_CODE`, `ENROLL_CLASS`, `MERGED_CLASS`, `teacher_id`, `teacher_name`, `LEC_CODE`, `SEMESTER_ID`, `SESSION`, `DAY_STUDY`, `START_DATE`, `END_DATE`, `WEEK_STUDY`, `WEEKS`) VALUES
(1, '471737', '67IT3', NULL, 9, 'Như Tùng', 0, 0, 4, 3, '2023-05-02', '2023-06-06', '             456789   ', '[14,15,16,17,18,19]'),
(2, '471737', '67IT3', NULL, 9, 'Như Tùng', 0, 0, 3, 6, '2023-05-05', '2023-06-16', '             4567890  ', '[14,15,16,17,18,19,20]'),
(3, '471737', '67IT4', NULL, 9, 'Như Tùng', 0, 0, 4, 3, '2023-05-02', '2023-06-06', '             456789   ', '[14,15,16,17,18,19]'),
(4, '471737', '67IT4', NULL, 9, 'Như Tùng', 0, 0, 3, 6, '2023-05-05', '2023-06-16', '             4567890  ', '[14,15,16,17,18,19,20]'),
(5, '471737', '67IT5', NULL, 9, 'Như Tùng', 0, 0, 4, 4, '2023-05-03', '2023-06-14', '             4567890  ', '[14,15,16,17,18,19,20]'),
(6, '471737', '67IT5', NULL, 9, 'Như Tùng', 0, 0, 3, 7, '2023-05-06', '2023-06-10', '             456789   ', '[14,15,16,17,18,19]'),
(7, '471790', '65PM4', NULL, 2, 'Dương', 0, 0, 1, 2, '2023-01-09', '2023-06-05', '1  456789  23456 89012', '[1,4,5,6,7,8,9,12,13,14,15,16,18,19,20,21,22]'),
(8, '471790', '65PM4', NULL, 2, 'Dương', 0, 0, 2, 4, '2023-02-08', '2023-02-15', '    56                ', '[5,6]'),
(9, '471788', '65PM4', NULL, 6, 'Đình Anh', 0, 0, 2, 4, '2023-03-01', '2023-03-01', '       8              ', '[8]'),
(10, '471788', '65PM4', NULL, 6, 'Đình Anh', 0, 0, 2, 5, '2023-01-12', '2023-06-08', '1  456789  23456789012', '[1,4,5,6,7,8,9,12,13,14,15,16,17,18,19,20,21,22]'),
(11, '471789', '65PM4', NULL, 7, 'Bản', 0, 0, 2, 4, '2023-03-29', '2023-05-31', '           2345678901 ', '[12,13,14,15,16,17,18,19,20,21]'),
(12, '471791', '65PM4', NULL, 6, 'Đình Anh', 0, 0, 2, 3, '2023-01-10', '2023-06-06', '1  456789  23456789012', '[1,4,5,6,7,8,9,12,13,14,15,16,17,18,19,20,21,22]'),
(13, '471791', '65PM4', NULL, 6, 'Đình Anh', 0, 0, 1, 4, '2023-02-22', '2023-02-22', '      7               ', '[7]'),
(14, '471792', '65PM4', NULL, 7, 'Bản', 0, 0, 2, 4, '2023-03-08', '2023-03-08', '        9             ', '[9]'),
(15, '471792', '65PM4', NULL, 7, 'Bản', 0, 0, 1, 6, '2023-01-13', '2023-06-09', '1  456789  23456789012', '[1,4,5,6,7,8,9,12,13,14,15,16,17,18,19,20,21,22]'),
(16, '471790', '65PM5', NULL, 2, 'Dương', 0, 0, 2, 2, '2023-01-09', '2023-06-05', '1  456789  23456 89012', '[1,4,5,6,7,8,9,12,13,14,15,16,18,19,20,21,22]'),
(17, '471790', '65PM5', NULL, 2, 'Dương', 0, 0, 2, 3, '2023-03-28', '2023-04-04', '           23         ', '[12,13]'),
(18, '471788', '65PM5', NULL, 6, 'Đình Anh', 0, 0, 2, 3, '2023-04-25', '2023-05-02', '               67     ', '[16,17]'),
(19, '471788', '65PM5', NULL, 6, 'Đình Anh', 0, 0, 1, 5, '2023-01-12', '2023-06-01', '1  456789  2345678901 ', '[1,4,5,6,7,8,9,12,13,14,15,16,17,18,19,20,21]'),
(20, '471789', '65PM5', NULL, 7, 'Bản', 0, 0, 2, 6, '2023-03-31', '2023-06-02', '           2345678901 ', '[12,13,14,15,16,17,18,19,20,21]'),
(21, '471791', '65PM5', NULL, 6, 'Đình Anh', 0, 0, 1, 3, '2023-04-11', '2023-04-18', '             45       ', '[14,15]'),
(22, '471791', '65PM5', NULL, 6, 'Đình Anh', 0, 0, 2, 4, '2023-01-11', '2023-05-31', '1  456789  2345678901 ', '[1,4,5,6,7,8,9,12,13,14,15,16,17,18,19,20,21]'),
(23, '471792', '65PM5', NULL, 7, 'Bản', 0, 0, 2, 3, '2023-05-09', '2023-05-16', '                 89   ', '[18,19]'),
(24, '471792', '65PM5', NULL, 7, 'Bản', 0, 0, 1, 7, '2023-01-14', '2023-06-10', '1  456789  2345 789012', '[1,4,5,6,7,8,9,12,13,14,15,17,18,19,20,21,22]'),
(25, '471790', '65PM6', NULL, 2, 'Dương', 0, 0, 2, 2, '2023-01-09', '2023-06-05', '1  456789  23456 89012', '[1,4,5,6,7,8,9,12,13,14,15,16,18,19,20,21,22]'),
(26, '471790', '65PM6', NULL, 2, 'Dương', 0, 0, 2, 3, '2023-03-28', '2023-04-04', '           23         ', '[12,13]'),
(27, '471788', '65PM6', NULL, 6, 'Đình Anh', 0, 0, 2, 3, '2023-04-25', '2023-05-02', '               67     ', '[16,17]'),
(28, '471788', '65PM6', NULL, 6, 'Đình Anh', 0, 0, 1, 5, '2023-01-12', '2023-06-01', '1  456789  2345678901 ', '[1,4,5,6,7,8,9,12,13,14,15,16,17,18,19,20,21]'),
(29, '471789', '65PM6', NULL, 7, 'Bản', 0, 0, 2, 6, '2023-03-31', '2023-06-02', '           2345678901 ', '[12,13,14,15,16,17,18,19,20,21]'),
(30, '471791', '65PM6', NULL, 6, 'Đình Anh', 0, 0, 1, 3, '2023-04-11', '2023-04-18', '             45       ', '[14,15]'),
(31, '471791', '65PM6', NULL, 6, 'Đình Anh', 0, 0, 2, 4, '2023-01-11', '2023-05-31', '1  456789  2345678901 ', '[1,4,5,6,7,8,9,12,13,14,15,16,17,18,19,20,21]'),
(32, '471792', '65PM6', NULL, 7, 'Bản', 0, 0, 2, 3, '2023-05-09', '2023-05-16', '                 89   ', '[18,19]'),
(33, '471792', '65PM6', NULL, 7, 'Bản', 0, 0, 1, 7, '2023-01-14', '2023-06-10', '1  456789  2345 789012', '[1,4,5,6,7,8,9,12,13,14,15,17,18,19,20,21,22]'),
(34, '471782', '64MHT1', NULL, 1, 'Hân', 0, 0, 3, 4, '2023-01-11', '2023-03-08', '1  456789             ', '[1,4,5,6,7,8,9]'),
(35, '471782', '64MHT1', NULL, 1, 'Hân', 0, 0, 4, 7, '2023-02-04', '2023-03-11', '   456789             ', '[4,5,6,7,8,9]'),
(36, '471782', '64MHT2', NULL, 1, 'Hân', 0, 0, 3, 4, '2023-01-11', '2023-03-08', '1  456789             ', '[1,4,5,6,7,8,9]'),
(37, '471782', '64MHT2', NULL, 1, 'Hân', 0, 0, 4, 7, '2023-02-04', '2023-03-11', '   456789             ', '[4,5,6,7,8,9]'),
(38, '471782', '64PM1', NULL, 1, 'Hân', 0, 0, 3, 3, '2023-01-10', '2023-03-07', '1  456789             ', '[1,4,5,6,7,8,9]'),
(39, '471782', '64PM1', NULL, 1, 'Hân', 0, 0, 3, 6, '2023-01-13', '2023-03-03', '1  45678              ', '[1,4,5,6,7,8]'),
(40, '471741', '64PM1', NULL, 3, 'Dung', 0, 0, 3, 3, '2023-03-28', '2023-05-30', '           2345678901 ', '[12,13,14,15,16,17,18,19,20,21]'),
(41, '471752', '64PM1', NULL, 3, 'Dung', 0, 0, 3, 4, '2023-03-29', '2023-05-31', '           2345678901 ', '[12,13,14,15,16,17,18,19,20,21]'),
(42, '471752', '64PM1', NULL, 3, 'Dung', 0, 0, 3, 7, '2023-04-22', '2023-05-13', '              5 78    ', '[15,17,18]'),
(43, '471783', '64PM1', NULL, 4, 'Trung', 0, 0, 4, 6, '2023-03-31', '2023-06-02', '           2345678901 ', '[12,13,14,15,16,17,18,19,20,21]'),
(44, '471772', '64PM1', NULL, 2, 'Dương', 0, 0, 4, 2, '2023-01-09', '2023-05-22', '1  456789  23456 890  ', '[1,4,5,6,7,8,9,12,13,14,15,16,18,19,20]'),
(45, '471772', '64PM1', NULL, 2, 'Dương', 0, 0, 3, 5, '2023-03-30', '2023-06-01', '           2345678901 ', '[12,13,14,15,16,17,18,19,20,21]'),
(46, '471773', '64PM1', NULL, 4, 'Trung', 0, 0, 4, 3, '2023-01-10', '2023-05-16', '1  456789  23456789   ', '[1,4,5,6,7,8,9,12,13,14,15,16,17,18,19]'),
(47, '471773', '64PM1', NULL, 4, 'Trung', 0, 0, 3, 6, '2023-03-31', '2023-06-02', '           2345678901 ', '[12,13,14,15,16,17,18,19,20,21]'),
(48, '471782', '64PM2', NULL, 1, 'Hân', 0, 0, 3, 3, '2023-01-10', '2023-03-07', '1  456789             ', '[1,4,5,6,7,8,9]'),
(49, '471782', '64PM2', NULL, 1, 'Hân', 0, 0, 3, 6, '2023-01-13', '2023-03-03', '1  45678              ', '[1,4,5,6,7,8]'),
(50, '471741', '64PM2', NULL, 3, 'Dung', 0, 0, 3, 3, '2023-03-28', '2023-05-30', '           2345678901 ', '[12,13,14,15,16,17,18,19,20,21]'),
(51, '471752', '64PM2', NULL, 3, 'Dung', 0, 0, 3, 4, '2023-03-29', '2023-05-31', '           2345678901 ', '[12,13,14,15,16,17,18,19,20,21]'),
(52, '471752', '64PM2', NULL, 3, 'Dung', 0, 0, 3, 7, '2023-04-01', '2023-05-06', '             5 78   ', '[15,17,18]'),
(53, '471783', '64PM2', NULL, 4, 'Trung', 0, 0, 4, 6, '2023-03-31', '2023-06-02', '           2345678901 ', '[12,13,14,15,16,17,18,19,20,21]'),
(54, '471772', '64PM2', NULL, 2, 'Dương', 0, 0, 4, 2, '2023-01-09', '2023-05-22', '1  456789  23456 890  ', '[1,4,5,6,7,8,9,12,13,14,15,16,18,19,20]'),
(55, '471772', '64PM2', NULL, 2, 'Dương', 0, 0, 3, 5, '2023-03-30', '2023-06-01', '           2345678901 ', '[12,13,14,15,16,17,18,19,20,21]'),
(56, '471773', '64PM2', NULL, 4, 'Trung', 0, 0, 4, 3, '2023-01-10', '2023-05-16', '1  456789  23456789   ', '[1,4,5,6,7,8,9,12,13,14,15,16,17,18,19]'),
(57, '471773', '64PM2', NULL, 4, 'Trung', 0, 0, 3, 6, '2023-03-31', '2023-06-02', '           2345678901 ', '[12,13,14,15,16,17,18,19,20,21]'),
(58, '478805', '65CS1', NULL, 5, 'Hoàng Anh', 0, 0, 4, 2, '2023-01-09', '2023-04-17', '1  456789  2345       ', '[1,4,5,6,7,8,9,12,13,14,15]'),
(59, '478805', '65CS1', NULL, 5, 'Hoàng Anh', 0, 0, 4, 5, '2023-03-30', '2023-04-20', '           2345       ', '[12,13,14,15]'),
(60, '478807', '65CS1', NULL, 5, 'Hoàng Anh', 0, 0, 3, 3, '2023-03-28', '2023-05-30', '           2345678901 ', '[12,13,14,15,16,17,18,19,20,21]'),
(61, '478805', '65CS3', NULL, 5, 'Hoàng Anh', 0, 0, 3, 3, '2023-01-10', '2023-04-18', '1  456789  2345       ', '[1,4,5,6,7,8,9,12,13,14,15]'),
(62, '478805', '65CS3', NULL, 5, 'Hoàng Anh', 0, 0, 3, 6, '2023-03-31', '2023-04-21', '           2345       ', '[12,13,14,15]'),
(63, '478807', '65CS3', NULL, 5, 'Hoàng Anh', 0, 0, 4, 2, '2023-03-27', '2023-06-05', '           23456 89012', '[12,13,14,15,16,18,19,20,21,22]'),
(64, '478805', '65CS2', NULL, 5, 'Hoàng Anh', 0, 0, 1, 3, '2023-01-10', '2023-04-18', '1  456789  2345       ', '[1,4,5,6,7,8,9,12,13,14,15]'),
(65, '478805', '65CS2', NULL, 5, 'Hoàng Anh', 0, 0, 1, 6, '2023-03-31', '2023-04-21', '           2345       ', '[12,13,14,15]'),
(66, '478807', '65CS2', NULL, 5, 'Hoàng Anh', 0, 0, 2, 2, '2023-03-27', '2023-06-05', '           23456 89012', '[12,13,14,15,16,18,19,20,21,22]'),
(67, '471790', '65PM1', NULL, 2, 'Dương', 0, 0, 3, 2, '2023-01-09', '2023-06-05', '1  456789  23456 89012', '[1,4,5,6,7,8,9,12,13,14,15,16,18,19,20,21,22]'),
(68, '471790', '65PM1', NULL, 2, 'Dương', 0, 0, 3, 3, '2023-01-31', '2023-02-07', '   45                 ', '[4,5]'),
(69, '471788', '65PM1', NULL, 6, 'Đình Anh', 0, 0, 3, 3, '2023-02-21', '2023-02-21', '      7               ', '[7]'),
(70, '471788', '65PM1', NULL, 6, 'Đình Anh', 0, 0, 4, 5, '2023-01-12', '2023-06-08', '1  456789  23456789012', '[1,4,5,6,7,8,9,12,13,14,15,16,17,18,19,20,21,22]'),
(71, '471789', '65PM1', NULL, 7, 'Bản', 0, 0, 3, 3, '2023-03-28', '2023-05-30', '           2345678901 ', '[12,13,14,15,16,17,18,19,20,21]'),
(72, '471791', '65PM1', NULL, 6, 'Đình Anh', 0, 0, 3, 3, '2023-02-14', '2023-02-14', '     6                ', '[6]'),
(73, '471791', '65PM1', NULL, 6, 'Đình Anh', 0, 0, 3, 4, '2023-01-11', '2023-06-07', '1  456789  23456789012', '[1,4,5,6,7,8,9,12,13,14,15,16,17,18,19,20,21,22]'),
(74, '471792', '65PM1', NULL, 7, 'Bản', 0, 0, 3, 3, '2023-02-28', '2023-03-07', '       89             ', '[8,9]'),
(75, '471792', '65PM1', NULL, 7, 'Bản', 0, 0, 4, 7, '2023-01-14', '2023-06-10', '1  456789  2345 789012', '[1,4,5,6,7,8,9,12,13,14,15,17,18,19,20,21,22]'),
(76, '471790', '65PM2', NULL, 2, 'Dương', 0, 0, 3, 2, '2023-01-09', '2023-06-05', '1  456789  23456 89012', '[1,4,5,6,7,8,9,12,13,14,15,16,18,19,20,21,22]'),
(77, '471790', '65PM2', NULL, 2, 'Dương', 0, 0, 3, 3, '2023-01-31', '2023-02-07', '   45                 ', '[4,5]'),
(78, '471788', '65PM2', NULL, 6, 'Đình Anh', 0, 0, 3, 3, '2023-02-21', '2023-02-21', '      7               ', '[7]'),
(79, '471788', '65PM2', NULL, 6, 'Đình Anh', 0, 0, 4, 5, '2023-01-12', '2023-06-08', '1  456789  23456789012', '[1,4,5,6,7,8,9,12,13,14,15,16,17,18,19,20,21,22]'),
(80, '471789', '65PM2', NULL, 7, 'Bản', 0, 0, 3, 3, '2023-03-28', '2023-05-30', '           2345678901 ', '[12,13,14,15,16,17,18,19,20,21]'),
(81, '471791', '65PM2', NULL, 6, 'Đình Anh', 0, 0, 3, 3, '2023-02-14', '2023-02-14', '     6                ', '[6]'),
(82, '471791', '65PM2', NULL, 6, 'Đình Anh', 0, 0, 3, 4, '2023-01-11', '2023-06-07', '1  456789  23456789012', '[1,4,5,6,7,8,9,12,13,14,15,16,17,18,19,20,21,22]'),
(83, '471792', '65PM2', NULL, 7, 'Bản', 0, 0, 3, 3, '2023-02-28', '2023-03-07', '       89             ', '[8,9]'),
(84, '471792', '65PM2', NULL, 7, 'Bản', 0, 0, 4, 7, '2023-01-14', '2023-06-10', '1  456789  2345 789012', '[1,4,5,6,7,8,9,12,13,14,15,17,18,19,20,21,22]'),
(85, '471790', '65PM3', NULL, 2, 'Dương', 0, 0, 1, 2, '2023-01-09', '2023-06-05', '1  456789  23456 89012', '[1,4,5,6,7,8,9,12,13,14,15,16,18,19,20,21,22]'),
(86, '471790', '65PM3', NULL, 2, 'Dương', 0, 0, 2, 4, '2023-02-08', '2023-02-15', '    56                ', '[5,6]'),
(87, '471788', '65PM3', NULL, 6, 'Đình Anh', 0, 0, 2, 4, '2023-03-01', '2023-03-01', '       8              ', '[8]'),
(88, '471788', '65PM3', NULL, 6, 'Đình Anh', 0, 0, 2, 5, '2023-01-12', '2023-06-08', '1  456789  23456789012', '[1,4,5,6,7,8,9,12,13,14,15,16,17,18,19,20,21,22]'),
(89, '471789', '65PM3', NULL, 7, 'Bản', 0, 0, 2, 4, '2023-03-29', '2023-05-31', '           2345678901 ', '[12,13,14,15,16,17,18,19,20,21]'),
(90, '471791', '65PM3', NULL, 6, 'Đình Anh', 0, 0, 2, 3, '2023-01-10', '2023-06-06', '1  456789  23456789012', '[1,4,5,6,7,8,9,12,13,14,15,16,17,18,19,20,21,22]'),
(91, '471791', '65PM3', NULL, 6, 'Đình Anh', 0, 0, 1, 4, '2023-02-22', '2023-02-22', '      7               ', '[7]'),
(92, '471792', '65PM3', NULL, 7, 'Bản', 0, 0, 2, 4, '2023-03-08', '2023-03-08', '        9             ', '[9]'),
(93, '471792', '65PM3', NULL, 7, 'Bản', 0, 0, 1, 6, '2023-01-13', '2023-06-09', '1  456789  23456789012', '[1,4,5,6,7,8,9,12,13,14,15,16,17,18,19,20,21,22]'),
(94, '478803', '66CS3', NULL, 1, 'Hân', 0, 0, 2, 3, '2023-01-10', '2023-06-06', '1  456789  23456789012', '[1,4,5,6,7,8,9,12,13,14,15,16,17,18,19,20,21,22]'),
(95, '478803', '66CS3', NULL, 1, 'Hân', 0, 0, 1, 4, '2023-01-11', '2023-01-11', '1                     ', '[1]'),
(96, '478804', '66CS3', NULL, 1, 'Hân', 0, 0, 2, 6, '2023-03-31', '2023-06-02', '           2345678901 ', '[12,13,14,15,16,17,18,19,20,21]'),
(97, '478803', '66CS1', NULL, 1, 'Hân', 0, 0, 4, 4, '2023-01-11', '2023-01-11', '1                     ', '[1]'),
(98, '478803', '66CS1', NULL, 1, 'Hân', 0, 0, 3, 6, '2023-01-13', '2023-06-09', '1  456789  23456789012', '[1,4,5,6,7,8,9,12,13,14,15,16,17,18,19,20,21,22]'),
(99, '478804', '66CS1', NULL, 1, 'Hân', 0, 0, 4, 4, '2023-03-29', '2023-05-31', '           2345678901 ', '[12,13,14,15,16,17,18,19,20,21]'),
(100, '478803', '66CS2', NULL, 1, 'Hân', 0, 0, 2, 4, '2023-01-11', '2023-06-07', '1  456789  23456789012', '[1,4,5,6,7,8,9,12,13,14,15,16,17,18,19,20,21,22]'),
(101, '478803', '66CS2', NULL, 1, 'Hân', 0, 0, 1, 6, '2023-01-13', '2023-01-13', '1                     ', '[1]'),
(102, '478804', '66CS2', NULL, 1, 'Hân', 0, 0, 2, 6, '2023-03-31', '2023-06-02', '           2345678901 ', '[12,13,14,15,16,17,18,19,20,21]'),
(103, '471755', '66IT2', NULL, 6, 'Đình Anh', 0, 0, 1, 4, '2023-01-11', '2023-03-08', '1  456789             ', '[1,4,5,6,7,8,9]'),
(104, '471755', '66IT2', NULL, 6, 'Đình Anh', 0, 0, 2, 7, '2023-01-14', '2023-03-04', '1  45678              ', '[1,4,5,6,7,8]'),
(105, '471732', '66IT2', NULL, 9, 'Như Tùng', 0, 0, 2, 4, '2023-01-11', '2023-03-01', '1  45678              ', '[1,4,5,6,7,8]'),
(106, '471732', '66IT2', NULL, 9, 'Như Tùng', 0, 0, 1, 6, '2023-01-13', '2023-03-10', '1  456789             ', '[1,4,5,6,7,8,9]'),
(107, '471755', '66IT6', NULL, 6, 'Đình Anh', 0, 0, 3, 4, '2023-01-11', '2023-03-08', '1  456789             ', '[1,4,5,6,7,8,9]'),
(108, '471755', '66IT6', NULL, 6, 'Đình Anh', 0, 0, 4, 7, '2023-01-14', '2023-03-04', '1  45678              ', '[1,4,5,6,7,8]'),
(109, '471732', '66IT6', NULL, 9, 'Như Tùng', 0, 0, 4, 4, '2023-01-11', '2023-03-08', '1  456789             ', '[1,4,5,6,7,8,9]'),
(110, '471732', '66IT6', NULL, 9, 'Như Tùng', 0, 0, 3, 6, '2023-01-13', '2023-03-03', '1  45678              ', '[1,4,5,6,7,8]'),
(111, '471755', '66IT1', NULL, 6, 'Đình Anh', 0, 0, 1, 4, '2023-01-11', '2023-03-08', '1  456789             ', '[1,4,5,6,7,8,9]'),
(112, '471755', '66IT1', NULL, 6, 'Đình Anh', 0, 0, 2, 7, '2023-01-14', '2023-03-04', '1  45678              ', '[1,4,5,6,7,8]'),
(113, '471732', '66IT1', NULL, 9, 'Như Tùng', 0, 0, 2, 4, '2023-01-11', '2023-03-01', '1  45678              ', '[1,4,5,6,7,8]'),
(114, '471732', '66IT1', NULL, 9, 'Như Tùng', 0, 0, 1, 6, '2023-01-13', '2023-03-10', '1  456789             ', '[1,4,5,6,7,8,9]'),
(115, '471755', '66IT3', NULL, 6, 'Đình Anh', 0, 0, 4, 4, '2023-01-11', '2023-03-01', '1  45678              ', '[1,4,5,6,7,8]'),
(116, '471755', '66IT3', NULL, 6, 'Đình Anh', 0, 0, 3, 7, '2023-01-14', '2023-03-11', '1  456789             ', '[1,4,5,6,7,8,9]'),
(117, '471732', '66IT3', NULL, 9, 'Như Tùng', 0, 0, 3, 2, '2023-01-09', '2023-03-06', '1  456789             ', '[1,4,5,6,7,8,9]'),
(118, '471732', '66IT3', NULL, 9, 'Như Tùng', 0, 0, 4, 5, '2023-01-12', '2023-03-02', '1  45678              ', '[1,4,5,6,7,8]'),
(119, '471755', '66IT4', NULL, 6, 'Đình Anh', 0, 0, 4, 4, '2023-01-11', '2023-03-01', '1  45678              ', '[1,4,5,6,7,8]'),
(120, '471755', '66IT4', NULL, 6, 'Đình Anh', 0, 0, 3, 7, '2023-01-14', '2023-03-11', '1  456789             ', '[1,4,5,6,7,8,9]'),
(121, '471732', '66IT4', NULL, 9, 'Như Tùng', 0, 0, 3, 2, '2023-01-09', '2023-03-06', '1  456789             ', '[1,4,5,6,7,8,9]'),
(122, '471732', '66IT4', NULL, 9, 'Như Tùng', 0, 0, 4, 5, '2023-01-12', '2023-03-02', '1  45678              ', '[1,4,5,6,7,8]'),
(123, '471755', '66IT5', NULL, 6, 'Đình Anh', 0, 0, 3, 4, '2023-01-11', '2023-03-08', '1  456789             ', '[1,4,5,6,7,8,9]'),
(124, '471755', '66IT5', NULL, 6, 'Đình Anh', 0, 0, 4, 7, '2023-01-14', '2023-03-04', '1  45678              ', '[1,4,5,6,7,8]'),
(125, '471732', '66IT5', NULL, 9, 'Như Tùng', 0, 0, 4, 4, '2023-01-11', '2023-03-08', '1  456789             ', '[1,4,5,6,7,8,9]'),
(126, '471732', '66IT5', NULL, 9, 'Như Tùng', 0, 0, 3, 6, '2023-01-13', '2023-03-03', '1  45678              ', '[1,4,5,6,7,8]'),
(127, '471727', '66TH2', NULL, 5, 'Hoàng Anh', 0, 0, 3, 2, '2023-03-27', '2023-06-05', '           23456 89012', '[12,13,14,15,16,18,19,20,21,22]'),
(128, '471727', '66TH2', NULL, 5, 'Hoàng Anh', 0, 0, 3, 5, '2023-03-30', '2023-04-13', '           234        ', '[12,13,14]'),
(129, '471727', '66TH1', NULL, 5, 'Hoàng Anh', 0, 0, 3, 2, '2023-03-27', '2023-06-05', '           23456 89012', '[12,13,14,15,16,18,19,20,21,22]'),
(130, '471727', '66TH1', NULL, 5, 'Hoàng Anh', 0, 0, 3, 5, '2023-03-30', '2023-04-13', '           234        ', '[12,13,14]'),
(131, '471737', '67IT1', NULL, 9, 'Như Tùng', 0, 0, 2, 5, '2023-03-23', '2023-04-06', '       890            ', '[8,9,10]'),
(132, '471737', '67IT1', NULL, 9, 'Như Tùng', 0, 0, 1, 7, '2023-02-04', '2023-04-08', '1234567890            ', '[1,2,3,4,5,6,7,8,9,10]'),
(133, '471737', '67IT2', NULL, 9, 'Như Tùng', 0, 0, 2, 5, '2023-03-23', '2023-04-06', '       890            ', '[8,9,10]'),
(134, '471737', '67IT2', NULL, 9, 'Như Tùng', 0, 0, 1, 7, '2023-02-04', '2023-04-08', '1234567890            ', '[1,2,3,4,5,6,7,8,9,10]');

-- --------------------------------------------------------

--
-- Cấu trúc bảng cho bảng `schedule_new`
--

CREATE TABLE `schedule_new` (
  `id` int(2) DEFAULT NULL,
  `teacher_id` varchar(10) COLLATE utf8mb4_unicode_ci DEFAULT NULL,
  `teacher` varchar(9) COLLATE utf8mb4_unicode_ci DEFAULT NULL,
  `class_code` varchar(12) COLLATE utf8mb4_unicode_ci DEFAULT NULL,
  `class_name` varchar(6) COLLATE utf8mb4_unicode_ci DEFAULT NULL,
  `subject_code` varchar(12) COLLATE utf8mb4_unicode_ci NOT NULL,
  `subject_name` varchar(37) COLLATE utf8mb4_unicode_ci DEFAULT NULL,
  `total` int(2) DEFAULT NULL,
  `begin` varchar(10) COLLATE utf8mb4_unicode_ci DEFAULT NULL,
  `end` varchar(10) COLLATE utf8mb4_unicode_ci DEFAULT NULL
) ENGINE=InnoDB DEFAULT CHARSET=utf8mb4 COLLATE=utf8mb4_unicode_ci;

--
-- Đang đổ dữ liệu cho bảng `schedule_new`
--

INSERT INTO `schedule_new` (`id`, `teacher_id`, `teacher`, `class_code`, `class_name`, `subject_code`, `subject_name`, `total`, `begin`, `end`) VALUES
(1, '1', 'Hân', '47178203', '64PM1', '471782', 'Công nghệ đa phương tiện', 69, '01/10/2023', '03/07/2023'),
(2, '2', 'Dương', '47177201', '64PM1', '471772', 'C# và môi trường NET', 69, '01/09/2023', '06/01/2023'),
(3, '3', 'Dung', '47174101', '64PM1', '471741', 'Đồ án công nghệ phần mềm', 69, '28/03/2023', '30/05/2023'),
(4, '4', 'Trung', '47178301', '64PM1', '471783', 'Đồ án tổng hợp', 69, '31/03/2023', '06/02/2023'),
(5, '4', 'Trung', '47177301', '64PM1', '471773', 'Phần mềm nguồn mở và thiết kế WEB', 69, '01/10/2023', '06/02/2023'),
(6, '3', 'Dung', '47175201', '64PM1', '471752', 'Quản lý dự án công nghệ thông tin', 69, '29/03/2023', '31/05/2023'),
(7, '1', 'Hân', '47178204', '64PM2', '471782', 'Công nghệ đa phương tiện', 68, '01/10/2023', '03/07/2023'),
(8, '2', 'Dương', '47177202', '64PM2', '471772', 'C# và môi trường NET', 68, '01/09/2023', '06/01/2023'),
(9, '4', 'Trung', '47177302', '64PM2', '471773', 'Phần mềm nguồn mở và thiết kế WEB', 68, '01/10/2023', '06/02/2023'),
(10, '3', 'Dung', '47174102', '64PM2', '471741', 'Đồ án công nghệ phần mềm', 68, '28/03/2023', '30/05/2023'),
(11, '3', 'Dung', '47175202', '64PM2', '471752', 'Quản lý dự án công nghệ thông tin', 68, '29/03/2023', '31/05/2023'),
(12, '4', 'Trung', '47178302', '64PM2', '471783', 'Đồ án tổng hợp', 68, '31/03/2023', '06/02/2023'),
(13, '1', 'Hân', '47178201', '64MHT1', '471782', 'Công nghệ đa phương tiện', 44, '01/11/2023', '03/11/2023'),
(14, '1', 'Hân', '47178202', '64MHT2', '471782', 'Công nghệ đa phương tiện', 41, '01/11/2023', '03/11/2023'),
(15, '5', 'Hoàng Anh', '47880501', '65CS1', '478805', 'Công nghệ phần mềm', 45, '01/09/2023', '20/04/2023'),
(16, '5', 'Hoàng Anh', '47880701', '65CS1', '478807', 'Đồ án công nghệ phần mềm', 45, '28/03/2023', '30/05/2023'),
(17, '5', 'Hoàng Anh', '47880503', '65CS2', '478805', 'Công nghệ phần mềm', 43, '01/10/2023', '21/04/2023'),
(18, '5', 'Hoàng Anh', '47880703', '65CS2', '478807', 'Đồ án công nghệ phần mềm', 43, '27/03/2023', '06/05/2023'),
(19, '5', 'Hoàng Anh', '47880502', '65CS3', '478805', 'Công nghệ phần mềm', 46, '01/10/2023', '21/04/2023'),
(20, '5', 'Hoàng Anh', '47880702', '65CS3', '478807', 'Đồ án công nghệ phần mềm', 46, '27/03/2023', '06/05/2023'),
(21, '2', 'Dương', '47179002', '65PM2', '471790', 'C# Winform', 50, '01/09/2023', '06/05/2023'),
(22, '6', 'Đình Anh', '47179102', '65PM2', '471791', 'Cơ sở dữ liệu nâng cao', 50, '01/11/2023', '06/07/2023'),
(23, '6', 'Đình Anh', '47178802', '65PM2', '471788', 'Công nghệ thiết kế WEB nâng cao', 50, '01/12/2023', '06/08/2023'),
(24, '7', 'Bản', '47179202', '65PM2', '471792', 'Phần mềm nguồn mở', 50, '14/01/2023', '06/10/2023'),
(25, '7', 'Bản', '47178902', '65PM2', '471789', 'Đồ án Công nghệ thiết kế WEB nâng cao', 50, '28/03/2023', '30/05/2023'),
(26, '2', 'Dương', '47179001', '65PM1', '471790', 'C# Winform', 50, '01/09/2023', '06/05/2023'),
(27, '6', 'Đình Anh', '47179101', '65PM1', '471791', 'Cơ sở dữ liệu nâng cao', 50, '01/11/2023', '06/07/2023'),
(28, '6', 'Đình Anh', '47178801', '65PM1', '471788', 'Công nghệ thiết kế WEB nâng cao', 50, '01/12/2023', '06/08/2023'),
(29, '7', 'Bản', '47179201', '65PM1', '471792', 'Phần mềm nguồn mở', 50, '14/01/2023', '06/10/2023'),
(30, '7', 'Bản', '47178901', '65PM1', '471789', 'Đồ án Công nghệ thiết kế WEB nâng cao', 50, '28/03/2023', '30/05/2023'),
(31, '2', 'Dương', '47179003', '65PM3', '471790', 'C# Winform', 50, '01/09/2023', '06/05/2023'),
(32, '6', 'Đình Anh', '47179103', '65PM3', '471791', 'Cơ sở dữ liệu nâng cao', 50, '01/10/2023', '06/06/2023'),
(33, '6', 'Đình Anh', '47178803', '65PM3', '471788', 'Công nghệ thiết kế WEB nâng cao', 50, '01/12/2023', '06/08/2023'),
(34, '7', 'Bản', '47179203', '65PM3', '471792', 'Phần mềm nguồn mở', 50, '13/01/2023', '06/09/2023'),
(35, '7', 'Bản', '47178903', '65PM3', '471789', 'Đồ án Công nghệ thiết kế WEB nâng cao', 50, '29/03/2023', '31/05/2023'),
(36, '2', 'Dương', '47179004', '65PM4', '471790', 'C# Winform', 50, '01/09/2023', '06/05/2023'),
(37, '6', 'Đình Anh', '47179104', '65PM4', '471791', 'Cơ sở dữ liệu nâng cao', 50, '01/10/2023', '06/06/2023'),
(38, '6', 'Đình Anh', '47178804', '65PM4', '471788', 'Công nghệ thiết kế WEB nâng cao', 50, '01/12/2023', '06/08/2023'),
(39, '7', 'Bản', '47179204', '65PM4', '471792', 'Phần mềm nguồn mở', 50, '13/01/2023', '06/09/2023'),
(40, '7', 'Bản', '47178904', '65PM4', '471789', 'Đồ án Công nghệ thiết kế WEB nâng cao', 50, '29/03/2023', '31/05/2023'),
(41, '2', 'Dương', '47179005', '65PM5', '471790', 'C# Winform', 50, '01/09/2023', '06/05/2023'),
(42, '7', 'Bản', '47179205', '65PM5', '471792', 'Phần mềm nguồn mở', 50, '14/01/2023', '06/10/2023'),
(43, '6', 'Đình Anh', '47179105', '65PM5', '471791', 'Cơ sở dữ liệu nâng cao', 50, '01/11/2023', '31/05/2023'),
(44, '6', 'Đình Anh', '47178805', '65PM5', '471788', 'Công nghệ thiết kế WEB nâng cao', 50, '01/12/2023', '06/01/2023'),
(45, '7', 'Bản', '47178905', '65PM5', '471789', 'Đồ án Công nghệ thiết kế WEB nâng cao', 50, '31/03/2023', '06/02/2023'),
(46, '2', 'Dương', '47179006', '65PM6', '471790', 'C# Winform', 50, '01/09/2023', '06/05/2023'),
(47, '6', 'Đình Anh', '47179106', '65PM6', '471791', 'Cơ sở dữ liệu nâng cao', 50, '01/11/2023', '31/05/2023'),
(48, '6', 'Đình Anh', '47178806', '65PM6', '471788', 'Công nghệ thiết kế WEB nâng cao', 50, '01/12/2023', '06/01/2023'),
(49, '7', 'Bản', '47179206', '65PM6', '471792', 'Phần mềm nguồn mở', 50, '14/01/2023', '06/10/2023'),
(50, '7', 'Bản', '47178906', '65PM6', '471789', 'Đồ án Công nghệ thiết kế WEB nâng cao', 50, '31/03/2023', '06/02/2023'),
(51, '1', 'Hân', '47880302', '66CS1', '478803', 'Hệ cơ sở dữ liệu', 43, '01/11/2023', '06/09/2023'),
(52, '1', 'Hân', '47880402', '66CS1', '478804', 'Đồ án hệ cơ sở dữ liệu', 43, '29/03/2023', '31/05/2023'),
(53, '1', 'Hân', '47880303', '66CS2', '478803', 'Hệ cơ sở dữ liệu', 43, '01/11/2023', '06/07/2023'),
(54, '1', 'Hân', '47880403', '66CS2', '478804', 'Đồ án hệ cơ sở dữ liệu', 43, '31/03/2023', '06/02/2023'),
(55, '1', 'Hân', '47880301', '66CS3', '478803', 'Hệ cơ sở dữ liệu', 42, '01/10/2023', '06/06/2023'),
(56, '1', 'Hân', '47880401', '66CS3', '478804', 'Đồ án hệ cơ sở dữ liệu', 42, '31/03/2023', '06/02/2023'),
(57, '9', 'Như Tùng', '47173201', '66IT2', '471732', 'Công nghệ phần mềm', 54, '01/11/2023', '03/10/2023'),
(58, '6', 'Đình Anh', '47175501', '66IT2', '471755', 'Cấu trúc dữ liệu và thuật toán 2', 54, '01/11/2023', '03/08/2023'),
(59, '9', 'Như Tùng', '47173203', '66IT1', '471732', 'Công nghệ phần mềm', 55, '01/11/2023', '03/10/2023'),
(60, '6', 'Đình Anh', '47175503', '66IT1', '471755', 'Cấu trúc dữ liệu và thuật toán 2', 55, '01/11/2023', '03/08/2023'),
(61, '9', 'Như Tùng', '47173205', '66IT4', '471732', 'Công nghệ phần mềm', 54, '01/09/2023', '03/06/2023'),
(62, '9', 'Như Tùng', '47173204', '66IT3', '471732', 'Công nghệ phần mềm', 55, '01/09/2023', '03/06/2023'),
(63, '6', 'Đình Anh', '47175504', '66IT3', '471755', 'Cấu trúc dữ liệu và thuật toán 2', 55, '01/11/2023', '03/11/2023'),
(64, '6', 'Đình Anh', '47175505', '66IT4', '471755', 'Cấu trúc dữ liệu và thuật toán 2', 54, '01/11/2023', '03/11/2023'),
(65, '9', 'Như Tùng', '47173206', '66IT5', '471732', 'Công nghệ phần mềm', 54, '01/11/2023', '03/08/2023'),
(66, '6', 'Đình Anh', '47175506', '66IT5', '471755', 'Cấu trúc dữ liệu và thuật toán 2', 54, '01/11/2023', '03/08/2023'),
(67, '6', 'Đình Anh', '47175502', '66IT6', '471755', 'Cấu trúc dữ liệu và thuật toán 2', 53, '01/11/2023', '03/08/2023'),
(68, '9', 'Như Tùng', '47173202', '66IT6', '471732', 'Công nghệ phần mềm', 53, '01/11/2023', '03/08/2023'),
(69, '5', 'Hoàng Anh', '47172702', '66TH1', '471727', 'Cơ sở dữ liệu 1', 57, '27/03/2023', '06/05/2023'),
(70, '5', 'Hoàng Anh', '47172701', '66TH2', '471727', 'Cơ sở dữ liệu 1', 56, '27/03/2023', '06/05/2023'),
(71, '9', 'Như Tùng', '47173702', '67IT2', '471737', 'Ngoại ngữ chuyên ngành', 54, '02/04/2023', '04/08/2023'),
(72, '9', 'Như Tùng', '47173701', '67IT1', '471737', 'Ngoại ngữ chuyên ngành', 53, '02/04/2023', '04/08/2023'),
(73, '9', 'Như Tùng', '47173705', '67IT5', '471737', 'Ngoại ngữ chuyên ngành', 52, '05/03/2023', '14/06/2023'),
(74, '9', 'Như Tùng', '47173703', '67IT3', '471737', 'Ngoại ngữ chuyên ngành', 53, '05/02/2023', '16/06/2023'),
(75, '9', 'Như Tùng', '47173704', '67IT4', '471737', 'Ngoại ngữ chuyên ngành', 52, '05/02/2023', '16/06/2023');

-- --------------------------------------------------------

--
-- Cấu trúc bảng cho bảng `sessions`
--

CREATE TABLE `sessions` (
  `credit` int(11) NOT NULL,
  `total` int(11) NOT NULL
) ENGINE=InnoDB DEFAULT CHARSET=utf8mb4 COLLATE=utf8mb4_unicode_ci;

--
-- Đang đổ dữ liệu cho bảng `sessions`
--

INSERT INTO `sessions` (`credit`, `total`) VALUES
(1, 7),
(2, 13),
(3, 19),
(4, 25);

-- --------------------------------------------------------

--
-- Cấu trúc bảng cho bảng `subject`
--

CREATE TABLE `subject` (
  `subject_code` varchar(12) COLLATE utf8mb4_unicode_ci NOT NULL,
  `subject_name` varchar(255) COLLATE utf8mb4_unicode_ci NOT NULL,
  `credit` int(11) DEFAULT 0
) ENGINE=InnoDB DEFAULT CHARSET=utf8mb4 COLLATE=utf8mb4_unicode_ci;

--
-- Đang đổ dữ liệu cho bảng `subject`
--

INSERT INTO `subject` (`subject_code`, `subject_name`, `credit`) VALUES
('471727', 'Cơ sở dữ liệu 1', 2),
('471732', 'Công nghệ phần mềm', 2),
('471737', 'Ngoại ngữ chuyên ngành', 2),
('471741', 'Đồ án công nghệ phần mềm', 1),
('471752', 'Quản lý dự án công nghệ thông tin', 2),
('471755', 'Cấu trúc dữ liệu và thuật toán 2', 2),
('471772', 'C# và môi trường NET', 4),
('471773', 'Phần mềm nguồn mở và thiết kế WEB', 4),
('471782', 'Công nghệ đa phương tiện', 2),
('471783', 'Đồ án tổng hợp', 1),
('471788', 'Công nghệ thiết kế WEB nâng cao', 3),
('471789', 'Đồ án Công nghệ thiết kế WEB nâng cao', 1),
('471790', 'C# Winform', 3),
('471791', 'Cơ sở dữ liệu nâng cao', 3),
('471792', 'Phần mềm nguồn mở', 3),
('478803', 'Hệ cơ sở dữ liệu', 3),
('478804', 'Đồ án hệ cơ sở dữ liệu', 1),
('478805', 'Công nghệ phần mềm', 3),
('478807', 'Đồ án công nghệ phần mềm', 1);

-- --------------------------------------------------------

--
-- Cấu trúc bảng cho bảng `teacher`
--

CREATE TABLE `teacher` (
  `id` int(11) NOT NULL,
  `teacher_name` varchar(255) COLLATE utf8mb4_unicode_ci NOT NULL
) ENGINE=InnoDB DEFAULT CHARSET=utf8mb4 COLLATE=utf8mb4_unicode_ci;

--
-- Đang đổ dữ liệu cho bảng `teacher`
--

INSERT INTO `teacher` (`id`, `teacher_name`) VALUES
(1, 'Hân'),
(2, 'Dương'),
(3, 'Dung'),
(4, 'Trung'),
(5, 'Hoàng Anh'),
(6, 'Đình Anh'),
(7, 'Bản'),
(8, 'Hạnh'),
(9, 'Như Tùng');

--
-- Chỉ mục cho các bảng đã đổ
--

--
-- Chỉ mục cho bảng `alpha`
--
ALTER TABLE `alpha`
  ADD UNIQUE KEY `subject_code` (`subject_code`,`teacher_id`);

--
-- Chỉ mục cho bảng `classes`
--
ALTER TABLE `classes`
  ADD UNIQUE KEY `class_code` (`class_code`,`teacher_id`,`session`,`day_of_week`,`week`) USING BTREE;

--
-- Chỉ mục cho bảng `subject`
--
ALTER TABLE `subject`
  ADD PRIMARY KEY (`subject_code`);

--
-- Chỉ mục cho bảng `teacher`
--
ALTER TABLE `teacher`
  ADD PRIMARY KEY (`id`);

--
-- AUTO_INCREMENT cho các bảng đã đổ
--

--
-- AUTO_INCREMENT cho bảng `teacher`
--
ALTER TABLE `teacher`
  MODIFY `id` int(11) NOT NULL AUTO_INCREMENT, AUTO_INCREMENT=10;
COMMIT;

/*!40101 SET CHARACTER_SET_CLIENT=@OLD_CHARACTER_SET_CLIENT */;
/*!40101 SET CHARACTER_SET_RESULTS=@OLD_CHARACTER_SET_RESULTS */;
/*!40101 SET COLLATION_CONNECTION=@OLD_COLLATION_CONNECTION */;
